Codigo,Marca,Modelo,Color,PrecioConIva,PrecioSinIva,Inactivo
AC,VARIOS,ARMAZON ACETATO,,4000,3306,
ACLIP,VARIOS,ARMAZON CLIP ON,,10394,8590,
AF10027,ALBERTA FERRETTI,10027,,7018,5800,
AF10030,ALBERTA FERRETTI,10030,,7018,5800,
AF10031,ALBERTA FERRETTI,10031,,7018,5800,
AF10037,ALBERTA FERRETTI,10037,,7018,5800,
AF10042,ALBERTA FERRETTI,10042,,7018,5800,
AF10050,ALBERTA FERRETTI,10050,,7018,5800,
AF10056,ALBERTA FERRETTI,10056,,7018,5800,
AF1060,ALBERTA FERRETTI,1060,,7018,5800,
AF11052,ALBERTA FERRETTI,11052,,7018,5800,
AF11054,ALBERTA FERRETTI,11054,,7018,5800,
AF115,ALBERTA FERRETTI,115,,7018,5800,
AF118,ALBERTA FERRETTI,118,,7018,5800,
AF1534,ALBERTA FERRETTI,1534,,7018,5800,
AF1541,ALBERTA FERRETTI,1541,,7018,5800,
AF1542,ALBERTA FERRETTI,1542,,7018,5800,
AF1545,ALBERTA FERRETTI,1545,,7018,5800,
AF1548,ALBERTA FERRETTI,1548,,7018,5800,
AF1552,ALBERTA FERRETTI,1552,,7018,5800,
AF1556,ALBERTA FERRETTI,1556,,7018,5800,
AF1559,ALBERTA FERRETTI,1559,,7018,5800,
AF1560,ALBERTA FERRETTI,1560,,7018,5800,
AF1561,ALBERTA FERRETTI,1561,,7018,5800,
AF1562,ALBERTA FERRETTI,1562,,7018,5800,
AF1563,MARCO ROSETTI,ALBERTA FERRETTI 1563,,7018,5800,
AF1564,ALBERTA FERRETTI,1564,,7018,5800,
AF1716,ALBERTA FERRETTI,1716,,3981,3290,
AF1717,ALBERTA FERRETTI,E1717,,3981,3290,
AF2013,ALBERTA FERRETTI,2013,,7018,5800,
AF2020,ALBERTA FERRETTI,2020,,7018,5800,
AF2022,ALBERTA FERRETTI,2022,,7018,5800,
AF2023,ALBERTA FERRETTI,2023,,7018,5800,
AF2026,ALBERTA FERRETTI,2026,,7018,5800,
AF2036,ALBERTA FERRETTI,2036,,3981,3290,
AF2037,ALBERTA FERRETTI,2037,,3981,3290,
AF2041,ALBERTA FERRETTI,2041,,3981,3290,
AF2043L,ALBERTA FERRETTI,2043L,,3981,3290,
AF2044L,ALBERTA FERRETTI,2044L,,3981,3290,
AF2045,ALBERTA FERRETTI,2045,,3981,3290,
AF2046L,ALBERTA FERRETTI,2046L,,3981,3290,
AF2051,ALBERTA FERRETTI,2051,,3981,3290,
AF2054,ALBERTA FERRETTI,2054,,3981,3290,
AF2055,ALBERTA FERRETTI,2055,,3290,2719,
AF2056,ALBERTA FERRETTI,2056,,3981,3290,
AF2058,ALBERTA FERRETTI,2058,,3981,3290,
AF2206,ALBERTA FERRETTI,2206,,7018,5800,
AF4025,ALBERTA FERRETTI,4025,,7018,5800,
AF4041,ALBERTA FERRETTI,4041,,7018,5800,
AF4043,ALBERTA FERRETTI,4043,,7018,5800,
AF4049,ALBERTA FERRETTI,4049,,7018,5800,
AF4050,ALBERTA FERRETTI,4050,,7018,5800,
AF7026,ALBERTA FERRETTI,7026,,7018,5800,
AF7027,ALBERTA FERRETTI,7027,,7018,5800,
AF7041,ALBERTA FERRETTI,7041,,3981,3290,
AF7045,ALBERTA FERRETTI,7045,,3981,3290,
AF7311,ALBERTA FERRETTI,7311,,7018,5800,
AF7312,ALBERTA FERRETTI,7312,,7018,5800,
AF8031,ALBERTA FERRETTI,8031,,7018,5800,
AF8033,ALBERTA FERRETTI,8033,,7018,5800,
AFB24,ALBERTA FERRETTI,B24,,7018,5800,
AFB28,ALBERTA FERRETTI,B28,,7018,5800,
AFB30,ALBERTA FERRETTI,B30,,7018,5800,
AFB32,ALBERTA FERRETTI,B32,,7018,5800,
AFB34,ALBERTA FERRETTI,B34,,7018,5800,
AFB38,ALBERTA FERRETTI,B38,,7018,5800,
AFB40,ALBERTA FERRETTI,ALBERTA FERRETI B40,,7018,5800,
AFB42,ALBERTA FERRETTI,B42,,7018,5800,
AFB44X,ALBERTA FERRETTI,B44X,,7018,5800,
AFB46,ALBERTA FERRETTI,B46,,7018,5800,
AFB48,ALBERTA FERRETTI,B48,,7018,5800,
AFB49,ALBERTA FERRETTI,B49,,7018,5800,
AFB51,ALBERTA FERRETTI,B51,,7018,5800,
AFB52,ALBERTA FERRETTI,B52,,7018,5800,
AFB53,ALBERTA FERRETTI,B53,,7018,5800,
AFB56,ALBERTA FERRETTI,B56,,7018,5800,
AFB57,ALBERTA FERRETTI,B57,,7018,5800,
AFB59,ALBERTA FERRETTI,B59,,5687,4700,
AFBO10040,ALBERTA FERRETTI,BO10040,,5687,4700,
AFBO10044,ALBERTA FERRETTI,BO10044,,7018,5800,
AFE1698,ALBERTA FERRETTI,E1698,,7018,5800,
AFE1716,ALBERTA FERRETTI,E1716,,7018,5800,
AFF1058,ALBERTA FERRETTI,F1058,,7018,5800,
AFF1060,ALBERTA FERRETTI,F1060,,7018,5800,
AFJ7003,ALBERTA FERRETTI,J7003,,5687,4700,
AFJ7004,ALBERTA FERRETTI,J7004,,7018,5800,
AFJ7034,ALBERTA FERRETTI,J7034,,7018,5800,
AFJ7045,ALBERTA FERRETTI,J7045,,7018,5800,
AFJ7046,ALBERTA FERRETTI,J7046,,7018,5800,
AFRX,MARCO ROSETTI,ALBERTA FERRETTI RX,,7018,5800,
AFY7027,ALBERTA FERRETTI,Y7027,,7018,5800,
AFY7029,ALBERTA FERRETTI,Y7029,,7018,5800,
AFY7031,ALBERTA FERRETTI,Y7031,,7018,5800,
AG,VARIOS,ARMAZON GINA,,5929,4900,
AM,VARIOS,ARMAZON METAL,,4000,3306,
AMC,VARIOS,ARMAZON METAL CLIPON,,4719,3900,
ASOL,VARIOS,ANTEOJO DE SOL POLARIZADO,,4465,3690,
ATR90,VARIOS,ARMAZON TR90,,5203,4300,
c600011,CENTRAL,60001,C1,31460,26000,
c600012,CENTRAL,60001,C2,31460,26000,
c600013,CENTRAL,60001,C3,31460,26000,
C600071,CENTRAL,60007,C1,31460,26000,
C600072,CENTRAL,60007,C2,31460,26000,
C600077,CENTRAL,60007,C7,31460,26000,
c600081,CENTRAL,60008,C1,31460,26000,
C600082,CENTRAL,60008,C2,31460,26000,
C600085,CENTRAL,60008,C5,31460,26000,
C600087,CENTRAL,60008,C7,31460,26000,
C600151,CENTRAL,60015,C1,31460,26000,
C600153,CENTRAL,60015,C3,31460,26000,
C600154,CENTRAL,60015,C4,31460,26000,
C600156,CENTRAL,60015,C6,31460,26000,
c600461,CENTRAL,60046,C1,31460,26000,
c600464,CENTRAL,60046,C4,31460,26000,
c600466,CENTRAL,60046,C6,31460,26000,
C600481,CENTRAL,60048,C1,31460,26000,
C600485,CENTRAL,60048,C5,31460,26000,
C600486,CENTRAL,60048,C6,31460,26000,
C600487,CENTRAL,60048,C7,31460,26000,
C600851,CENTRAL,60085,C1,31460,26000,
C600852,CENTRAL,60085,C2,31460,26000,
C600856,CENTRAL,60085,C6,31460,26000,
C600861,CENTRAL,60086,C1,31460,26000,
C600862,CENTRAL,60086,C2,31460,26000,
C600863,CENTRAL,60086,C3,31460,26000,
C600866,CENTRAL,60086,C6,31460,26000,
CAERO1,CENTRAL,AERO,C1,47069,38900,
CAERO2,CENTRAL,AERO,C2,47069,38900,
CAERO4,CENTRAL,AERO,C4,47069,38900,
CAESTETIC1,CENTRAL,AESTETIC,C1,39325,32500,
CAESTETIC2,CENTRAL,AESTETIC,C2,39325,32500,
CAETHER1,CENTRAL,AETHER,C1,47069,38900,
CAETHER2,CENTRAL,AETHER,C2,47069,38900,
CAETHER3,CENTRAL,AETHER,C3,47069,38900,
CAETHER4,CENTRAL,AETHER,C4,47069,38900,
CAIR2,CENTRAL,AIR,C2,47069,38900,
CAIR6,CENTRAL,AIR,C6,47069,38900,
CAIR7,CENTRAL,AIR,C7,47069,38900,
CAIR8,CENTRAL,AIR,C8,47069,38900,
CALAR1,CENTRAL,ALAR,C1,47069,38900,
CALAR2,CENTRAL,ALAR,C2,47069,38900,
CALAR3,CENTRAL,ALAR,C3,47069,38900,
CALAR5,CENTRAL,ALAR,C5,47069,38900,
CALEGRE6,CENTRAL,ALEGRE,C6,27709,22900,
CAMADO2,CENTRAL,AMADO,C2,27709,22900,
CAMADO5,CENTRAL,AMADO,C5,27709,22900,
CAMADO6,CENTRAL,AMADO,C6,27709,22900,
CAMALFI1,CENTRAL,AMALFI,C1,27709,22900,
CAMALFI3,CENTRAL,AMALFI,C3,27709,22900,
CAMALFI5,CENTRAL,AMALFI,C5,27709,22900,
CAMSTERDAM1,CENTRAL,AMSTERDAM,C1,39325,32500,
CAMSTERDAM2,CENTRAL,AMSTERDAM,C2,39325,32500,
CAMSTERDAM3,CENTRAL,AMSTERDAM,C3,39325,32500,
CAMSTERDAM5,CENTRAL,AMSTERDAM,C5,39325,32500,
CANDREW1,CENTRAL,ANDREW,C1,26741,22100,
CANDREW2,CENTRAL,ANDREW,C2,26741,22100,
CAPEX,CENTRAL,APEX,,36179,29900,
CAPOLLO4,CENTRAL,APOLLO,C4,22808,18850,
CAPOLLO5,CENTRAL,APOLLO,C5,22808,18850,
CARCADIA1,CENTRAL,ARCADIA,C1,27709,22900,
CARCADIA3,CENTRAL,ARCADIA,C3,27709,22900,
CARCADIA4,CENTRAL,ARCADIA,C4,27709,22900,
CARCADIA5,CENTRAL,ARCADIA,C5,27709,22900,
CARCADIA6,CENTRAL,ARCADIA,C6,27709,22900,
CARCADIA8,CENTRAL,ARCADIA,C8,27709,22900,
CARCANE1,CENTRAL,ARCANE,C1,53119,43900,
CARCANE4,CENTRAL,ARCANE,C4,53119,43900,
CARCANE5,CENTRAL,ARCANE,C5,53119,43900,
CARCOS1,CENTRAL,ARCOS,C1,47069,38900,
CARCOS2,CENTRAL,ARCOS,C2,47069,38900,
CARCOS4,CENTRAL,ARCOS,C4,47069,38900,
CARCOS5,CENTRAL,ARCOS,C5,47069,38900,
CARMONIA3,CENTRAL,ARMONIA,C3,27709,22900,
CARMONIA4,CENTRAL,ARMONIA,C4,27709,22900,
CARMONIA6,CENTRAL,ARMONIA,C6,27709,22900,
CARQ2,CENTRAL,ARQ,C2,42229,34900,
CARQ3,CENTRAL,ARQ,C3,42229,34900,
CARQ5,CENTRAL,ARQ,C5,42229,34900,
CARTIC1,CENTRAL,ARTIC,C1,36179,29900,
CARTIC2,CENTRAL,ARTIC,C2,36179,29900,
CARTIC3,CENTRAL,ARTIC,C3,36179,29900,
CARTIST1,CENTRAL,ARTIST,C1,20449,16900,
CARTIST4,CENTRAL,ARTIST,C4,20449,16900,
CARTIST5,CENTRAL,ARTIST,C5,20449,16900,
CARTIST6,CENTRAL,ARTIST,C6,20449,16900,
CASH1,CENTRAL,ASH,C1,27709,22900,
CASH2,CENTRAL,ASH,C2,27709,22900,
CASH4,CENTRAL,ASH,C4,27709,22900,
CASH5,CENTRAL,ASH,C5,27709,22900,
CASTON1,CENTRAL,ASTON,C1,22808,18850,
CASTON3,CENTRAL,ASTON,C3,22808,18850,
CASTON5,CENTRAL,ASTON,C5,22808,18850,
CASTRA1,CENTRAL,ASTRA,C1,33759,27900,
CASTRA2,CENTRAL,ASTRA,C2,33759,27900,
CASTRA3,CENTRAL,ASTRA,C3,33759,27900,
CASTRA4,CENTRAL,ASTRA,C4,33759,27900,
CATENAS1,CENTRAL,ATENAS,C1,37389,30900,
CATENAS3,CENTRAL,ATENAS,C3,37389,30900,
CATENAS5,CENTRAL,ATENAS,C5,37389,30900,
CATLANTIDA1,CENTRAL,ATLANTIDA,C1,26499,21900,
CATLANTIDA2,CENTRAL,ATLANTIDA,C2,26499,21900,
CATLANTIDA3,CENTRAL,ATLANTIDA,C3,30129,24900,
CATLAS1,CENTRAL,ATLAS,C1,47069,38900,
CATLAS2,CENTRAL,ATLAS,C2,47069,38900,
CATLAS3,CENTRAL,ATLAS,C3,47069,38900,
CATLAS4,CENTRAL,ATLAS,C4,47069,38900,
CATOM1,CENTRAL,ATOM,C1,47069,38900,
CATOM2,CENTRAL,ATOM,C2,47069,38900,
CATOM3,CENTRAL,ATOM,C3,47069,38900,
CATOM5,CENTRAL,ATOM,C5,47069,38900,
CATOM6,CENTRAL,ATOM,C6,47069,38900,
CAURA,CENTRAL,AURA,,47069,38900,
CAURA1,CENTRAL,AURA,C1,47069,38900,
CAURA2,CENTRAL,AURA,C2,47069,38900,
CAURA3,CENTRAL,AURA,C3,47069,38900,
CAURA4,CENTRAL,AURA,C4,47069,38900,
CAURA5,CENTRAL,AURA,C5,47069,38900,
CAURORA1,CENTRAL,AURORA,C1,36179,29900,
CAURORA2,CENTRAL,AURORA,C2,36179,29900,
CAURORA4,CENTRAL,AURORA,C4,36179,29900,
CAURORA6,CENTRAL,AURORA,C6,36179,29900,
CAVENTURA1,CENTRAL,AVENTURA,C1,36179,29900,
CAVENTURA5,CENTRAL,AVENTURA,C5,36179,29900,
CAVIATOR1,CENTRAL,AVIATOR,C1,39325,32500,
CAVIATOR15,CENTRAL,AVIATOR,C15,39325,32500,
CAVIATOR2,CENTRAL,AVIATOR,C2,39325,32500,
CAVIATOR3,CENTRAL,AVIATOR,C3,39325,32500,
CAVIATOR4,CENTRAL,AVIATOR,C4,39325,32500,
CAXEL1,CENTRAL,AXEL,C1,47069,38900,
CAXEL2,CENTRAL,AXEL,C2,47069,38900,
CAXEL3,CENTRAL,AXEL,C3,47069,38900,
CAXEL5,CENTRAL,AXEL,C5,47069,38900,
CBAHIA1,CENTRAL,BAHIA,C1,47069,38900,
CBAHIA2,CENTRAL,BAHIA,C2,47069,38900,
CBAHIA3,CENTRAL,BAHIA,C3,47069,38900,
CBAHIA4,CENTRAL,BAHIA,C4,47069,38900,
CBAHIA5,CENTRAL,BAHIA,C5,47069,38900,
CBAHIA6,CENTRAL,BAHIA,C6,47069,38900,
CBAKER3,CENTRAL,BAKER,C3,27709,22900,
CBAKER4,CENTRAL,BAKER,C4,27709,22900,
CBAKER5,CENTRAL,BAKER,C5,27709,22900,
CBAKER6,CENTRAL,BAKER,C6,27709,22900,
CBALI1,CENTRAL,BALI,C1,54329,44900,
CBALI2,CENTRAL,BALI,C2,54329,44900,
CBALI3,CENTRAL,BALI,C3,54329,44900,
CBALI5,CENTRAL,BALI,C5,54329,44900,
CBALISOL1,CENTRAL,BALI SOL,C1,47069,38900,
CBALISOL2,CENTRAL,BALI SOL,C2,47069,38900,
CBALISOL5,CENTRAL,BALI SOL,C5,47069,38900,
CBALISOL6,CENTRAL,BALI SOL,C6,47069,38900,
CBANDIT1,CENTRAL,BANDIT,C1,27709,22900,
CBANDIT2,CENTRAL,BANDIT,C2,27709,22900,
CBANDIT3,CENTRAL,BANDIT,C3,27709,22900,
CBANDIT4,CENTRAL,BANDIT,C4,27709,22900,
CBANDIT5,CENTRAL,BANDIT,C5,27709,22900,
CBANGALORE2,CENTRAL,BANGALORE,C2,26741,22100,
CBANGALORE5,CENTRAL,BANGALORE,C5,26741,22100,
CBANGALORE6,CENTRAL,BANGALORE,C6,26741,22100,
CBANGALORE8,CENTRAL,BANGALORE,C8,26741,22100,
CBARCELONA4,CENTRAL,BARCELONA,C4,44649,36900,
CBARCELONA7,CENTRAL,BARCELONA,C7,44649,36900,
CBARRA1,CENTRAL,BARRA,C1,47069,38900,
CBARRA2,CENTRAL,BARRA,C2,47069,38900,
CBARRA3,CENTRAL,BARRA,C3,47069,38900,
CBARRA4,CENTRAL,BARRA,C4,47069,38900,
CBARU1,CENTRAL,BARU,C1,22808,18850,
CBARU3,CENTRAL,BARU,C3,22808,18850,
CBARU6,CENTRAL,BARU,C6,22808,18850,
CBASEL1,CENTRAL,BASEL,C1,33759,27900,
CBASEL4,CENTRAL,BASEL,C4,33759,27900,
CBASEL6,CENTRAL,BASEL,C6,33759,27900,
CBEAU4,CENTRAL,BEAU,C4,36179,29900,
CBEAU5,CENTRAL,BEAU,C5,36179,29900,
CBEGUR1,CENTRAL,BEGUR,C1,26741,22100,
CBEGUR2,CENTRAL,BEGUR,C2,26741,22100,
CBEGUR3,CENTRAL,BEGUR,C3,26741,22100,
CBEIJING1,CENTRAL,BEIJING,C1,22808,18850,
CBEIJING5,CENTRAL,BEIJING,C5,22808,18850,
CBEING2,CENTRAL,BEING,C2,27709,22900,
CBEING3,CENTRAL,BEING,C3,27709,22900,
CBEING317,CENTRAL,BEING,C317,27709,22900,
CBEING318,CENTRAL,BEING,C318,27709,22900,
CBEING319,CENTRAL,BEING,C319,27709,22900,
CBEING4,CENTRAL,BEING,C4,27709,22900,
CBELLA1,CENTRAL,BELLA,C1,44649,36900,
CBELLA3,CENTRAL,BELLA,C3,44649,36900,
CBELLA6,CENTRAL,BELLA,C6,44649,36900,
CBELLVILLE21,CENTRAL,BELLVILLE2,C1,33759,27900,
CBELLVILLE22,CENTRAL,BELLVILLE2,C2,33759,27900,
CBELLVILLE23,CENTRAL,BELLVILLE2,C3,33759,27900,
CBELLVILLE24,CENTRAL,BELLVILLE2,C4,33759,27900,
CBELLVILLE25,CENTRAL,BELLVILLE2,C5,33759,27900,
CBELLVILLE26,CENTRAL,BELLVILLE2,C6,33759,27900,
CBENETH1,CENTRAL,BENETH,C1,36179,29900,
CBENETH3,CENTRAL,BENETH,C3,36179,29900,
CBENETH5,CENTRAL,BENETH,C5,36179,29900,
CBERLIN1,CENTRAL,BERLIN,C1,49489,40900,
CBERLIN3,CENTRAL,BERLIN,C3,49489,40900,
CBERLIN5,CENTRAL,BERLIN,C5,27528,22750,
CBERLIN6,CENTRAL,BERLIN,C6,49489,40900,
CBESON1,CENTRAL,BESON,C1,27709,22900,
CBESON3,CENTRAL,BESON,C3,27709,22900,
CBESON4,CENTRAL,BESON,C4,27709,22900,
CBESON5,CENTRAL,BESON,C5,27709,22900,
CBESON6,CENTRAL,BESON,C6,27709,22900,
CBETANCURIA1,CENTRAL,BETANCURIA,C1,47069,38900,
CBETANCURIA2,CENTRAL,BETANCURIA,C2,47069,38900,
CBETANCURIA3,CENTRAL,BETANCURIA,C3,47069,38900,
CBETANCURIA4,CENTRAL,BETANCURIA,C4,47069,38900,
CBETANCURIA5,CENTRAL,BETANCURIA,C5,47069,38900,
CBETANCURIA6,CENTRAL,BETANCURIA,C6,47069,38900,
CBIARRITZ1,CENTRAL,BIARRITZ,C1,39809,32900,
CBIARRITZ5,CENTRAL,BIARRITZ,C5,39809,32900,
CBIARRITZ7,CENTRAL,BIARRITZ,C7,39809,32900,
CBILBAO1,CENTRAL,BILBAO,C1,33759,27900,
CBILBAO5,CENTRAL,BILBAO,C5,33759,27900,
CBILBAO8,CENTRAL,BILBAO,C8,33759,27900,
CBLANCA1,CENTRAL,BLANCA,C1,31460,26000,
CBLANCA3,CENTRAL,BLANCA,C3,31460,26000,
CBLANCA4,CENTRAL,BLANCA,C4,31460,26000,
CBLAZE3,CENTRAL,BLAZE,C3,36179,29900,
CBLAZE4,CENTRAL,BLAZE,C4,36179,29900,
CBLAZE5,CENTRAL,BLAZE,C5,36179,29900,
CBOA11901,CENTRAL,BOA1190,C1,31460,26000,
CBOA11902,CENTRAL,BOA1190,C2,31460,26000,
CBOA11903,CENTRAL,BOA1190,C3,31460,26000,
CBOA11904,CENTRAL,BOA1190,C4,31460,26000,
CBOA11991,CENTRAL,BOA1199,C1,31460,26000,
CBOA11992,CENTRAL,BOA1199,C2,31460,26000,
CBOA11993,CENTRAL,BOA1199,C3,31460,26000,
CBOA12341,CENTRAL,BOA1234,C1,31460,26000,
CBOA12342,CENTRAL,BOA1234,C2,31460,26000,
CBOA12343,CENTRAL,BOA1234,C3,31460,26000,
CBOA12344,CENTRAL,BOA1234,C4,31460,26000,
CBOA12421,CENTRAL,BOA1242,C1,31460,26000,
CBOA12422,CENTRAL,BOA1242,C2,31460,26000,
CBOA12423,CENTRAL,BOA1242,C3,31460,26000,
CBOA12424,CENTRAL,BOA1242,C4,31460,26000,
CBOA12601,CENTRAL,BOA1260,C1,31460,26000,
CBOA12602,CENTRAL,BOA1260,C2,31460,26000,
CBOA12604,CENTRAL,BOA1260,C4,31460,26000,
CBOLD1,CENTRAL,BOLD,C1,47069,38900,
CBOLD2,CENTRAL,BOLD,C2,47069,38900,
CBOLD3,CENTRAL,BOLD,C3,47069,38900,
CBOLD4,CENTRAL,BOLD,C4,47069,38900,
CBOLD5,CENTRAL,BOLD,C5,47069,38900,
CBOLD6,CENTRAL,BOLD,C6,47069,38900,
CBOLT1,CENTRAL,BOLT,C1,36179,29900,
CBOLT2,CENTRAL,BOLT,C2,36179,29900,
CBOLT3,CENTRAL,BOLT,C3,36179,29900,
CBOLT4,CENTRAL,BOLT,C4,36179,29900,
CBOLT5,CENTRAL,BOLT,C5,36179,29900,
CBOMBAY1,CENTRAL,BOMBAY,C1,27528,22750,
CBOMBAY2,CENTRAL,BOMBAY,C2,27528,22750,
CBOOMER12,CENTRAL,BOOMER C1-2,,51909,42900,
CBOOMER14,CENTRAL,BOOMER C1-4,,51909,42900,
CBOOMER34,CENTRAL,BOOMER C3-4,,51909,42900,
CBOSTON1,CENTRAL,BOSTON,C1,39325,32500,
CBOSTON2,CENTRAL,BOSTON,C2,39325,32500,
CBOSTON3,CENTRAL,BOSTON,C3,39325,32500,
CBOSTON5,CENTRAL,BOSTON,C5,39325,32500,
CBRASILIA1,CENTRAL,BRASILIA,C1,39809,32900,
CBRASILIA6,CENTRAL,BRASILIA,C6,39809,32900,
CBRASILIA7,CENTRAL,BRASILIA,C7,39809,32900,
CBRAVO5,CENTRAL,BRAVO,C5,27709,22900,
CBRIO1,CENTRAL,BRIO,C1,51909,42900,
CBRIO2,CENTRAL,BRIO,C2,51909,42900,
CBRIO3,CENTRAL,BRIO,C3,51909,42900,
CBRIO4,CENTRAL,BRIO,C4,51909,42900,
CBRIO5,CENTRAL,BRIO,C5,51909,42900,
CBRISBANE1,CENTRAL,BRISBANE,C1,36179,29900,
CBRISBANE2,CENTRAL,BRISBANE,C2,36179,29900,
CBRISBANE3,CENTRAL,BRISBANE,C3,36179,29900,
CBSAS1,CENTRAL,BUENOS AIRES,C1,39325,32500,
CBSAS2,CENTRAL,BUENOS AIRES,C2,39325,32500,
CBSAS3,CENTRAL,BUENOS AIRES,C3,39325,32500,
CBSAS5,CENTRAL,BUENOS AIRES,C5,39325,32500,
CBUDAPEST2,CENTRAL,BUDAPEST,C2,26741,22100,
CBUGA1,CENTRAL,BUGA,C1,36179,29900,
CBUGA2,CENTRAL,BUGA,C2,36179,29900,
CBUGA3,CENTRAL,BUGA,C3,36179,29900,
CBUILDER1,CENTRAL,BUILDER,C1,27709,22900,
CBUILDER2,CENTRAL,BUILDER,C2,27709,22900,
CBUILDER5,CENTRAL,BUILDER,C5,27709,22900,
CCACHO1,CENTRAL,CACHO,C1,27709,22900,
CCACHO2,CENTRAL,CACHO,C2,27709,22900,
CCACHO3,CENTRAL,CACHO,C3,27709,22900,
CCACHO4,CENTRAL,CACHO,C4,27709,22900,
CCACHO5,CENTRAL,CACHO,C5,27709,22900,
CCACHO6,CENTRAL,CACHO,C6,27709,22900,
CCADAQUES1,CENTRAL,CADAQUES,C1,37389,30900,
CCADAQUES2,CENTRAL,CADAQUES,C2,37389,30900,
CCADAQUES4,CENTRAL,CADAQUES,C4,37389,30900,
CCALI1,CENTRAL,CALI,C1,47069,38900,
CCALI2,CENTRAL,CALI,C2,47069,38900,
CCALI3,CENTRAL,CALI,C3,47069,38900,
CCALI4,CENTRAL,CALI,C4,47069,38900,
CCALI5,CENTRAL,CALI,C5,47069,38900,
CCALIX1,CENTRAL,CALIX,C1,47069,38900,
CCALIX2,CENTRAL,CALIX,C2,47069,38900,
CCALIX3,CENTRAL,CALIX,C3,47069,38900,
CCALMA2,CENTRAL,CALMA,C2,27709,22900,
CCALMA3,CENTRAL,CALMA,C3,27709,22900,
CCALMA6,CENTRAL,CALMA,C6,27709,22900,
CCAMDEN1,CENTRAL,CAMDEN,C1,27709,22900,
CCAMDEN2,CENTRAL,CAMDEN,C2,27709,22900,
CCAMDEN5,CENTRAL,CAMDEN,C5,27709,22900,
CCANA1,CENTRAL,CANA,C1,47069,38900,
CCANA2,CENTRAL,CANA,C2,47069,38900,
CCANA3,CENTRAL,CANA,C3,47069,38900,
CCANA4,CENTRAL,CANA,C4,47069,38900,
CCANA5,CENTRAL,CANA,C5,47069,38900,
CCANA6,CENTRAL,CANA,C6,47069,38900,
CCANDY4,CENTRAL,CANDY,C4,36179,29900,
CCAPETOWN2,CENTRAL,CAPETOWN,C2,26741,22100,
CCAPETOWN4,CENTRAL,CAPETOWN,C4,26741,22100,
CCAPETOWN5,CENTRAL,CAPETOWN,C5,26741,22100,
CCAPETOWN6,CENTRAL,CAPETOWN,C6,26741,22100,
CCARGO1,CENTRAL,CARGO,C1,47069,38900,
CCARGO3,CENTRAL,CARGO,C3,47069,38900,
CCARGO4,CENTRAL,CARGO,C4,47069,38900,
CCARGO6,CENTRAL,CARGO,C6,47069,38900,
CCARL1,CENTRAL,CARL,C1,33759,27900,
CCARPENTER1,CENTRAL,CARPENTER,C1,27709,22900,
CCARPENTER2,CENTRAL,CARPENTER,C2,27709,22900,
CCARPENTER3,CENTRAL,CARPENTER,C3,27709,22900,
CCARTAGENA1,CENTRAL,CARTAGENA,C1,26741,22100,
CCARTAGENA5,CENTRAL,CARTAGENA,C5,26741,22100,
CCARTAGENA6,CENTRAL,CARTAGENA,C6,26741,22100,
CCARTAGENA7,CENTRAL,CARTAGENA,C7,26741,22100,
CCELA1,CENTRAL,CELA,C1,47069,38900,
CCELA4,CENTRAL,CELA,C4,47069,38900,
CCELA5,CENTRAL,CELA,C5,47069,38900,
CCELESTIAL2,CENTRAL,CELESTIAL,C2,44649,36900,
CCELESTIAL3,CENTRAL,CELESTIAL,C3,44649,36900,
CCELESTIAL4,CENTRAL,CELESTIAL,C4,44649,36900,
CCENX2,CENTRAL,CENX,C2,51909,42900,
CCENX3,CENTRAL,CENX,C3,51909,42900,
CCENX4,CENTRAL,CENX,C4,51909,42900,
CCERES1,CENTRAL,CERES,C1,26741,22100,
CCERES2,CENTRAL,CERES,C2,26741,22100,
CCERES4,CENTRAL,CERES,C4,26741,22100,
CCERO1,CENTRAL,CERO,C1,47069,38900,
CCERO2,CENTRAL,CERO,C2,47069,38900,
CCERO4,CENTRAL,CERO,C4,47069,38900,
CCERO5,CENTRAL,CERO,C5,47069,38900,
CCHARLES1,CENTRAL,CHARLES,C1,27709,22900,
CCHARLES2,CENTRAL,CHARLES,C2,27709,22900,
CCHARLES4,CENTRAL,CHARLES,C4,27709,22900,
CCHARLES5,CENTRAL,CHARLES,C5,27709,22900,
CCHICAGO1,CENTRAL,CHICAGO,C1,26741,22100,
CCHICAGO5,CENTRAL,CHICAGO,C5,26741,22100,
CCHICAGO6,CENTRAL,CHICAGO,C6,26741,22100,
CCHICAGO8,CENTRAL,CHICAGO,C8,26741,22100,
CCHILL1,CENTRAL,CHILL,C1,44649,36900,
CCHILL2,CENTRAL,CHILL,C2,44649,36900,
CCHILL22,CENTRAL,CHILL,C22,44649,36900,
CCHILL3,CENTRAL,CHILL,C3,44649,36900,
CCHILL6,CENTRAL,CHILL,C6,44649,36900,
CCHILL7,CENTRAL,CHILL,C7,44649,36900,
CCHISPA1,CENTRAL,CHISPA,C1,36179,29900,
CCHISPA4,CENTRAL,CHISPA,C4,36179,29900,
CCHISPA5,CENTRAL,CHISPA,C5,36179,29900,
CCHOLO1,CENTRAL,CHOLO,C1,27709,22900,
CCHOLO2,CENTRAL,CHOLO,C2,27709,22900,
CCHOLO3,CENTRAL,CHOLO,C3,27709,22900,
CCHOLO4,CENTRAL,CHOLO,C4,27709,22900,
CCHOLO5,CENTRAL,CHOLO,C5,27709,22900,
CCHOLO6,CENTRAL,CHOLO,C6,27709,22900,
CCLARO5,CENTRAL,CLARO,C5,27709,22900,
CCLARO6,CENTRAL,CLARO,C6,27709,22900,
CCLASS1,CENTRAL,CLASS,C1,33759,27900,
CCLASS2,CENTRAL,CLASS,C2,33759,27900,
CCLASS3,CENTRAL,CLASS,C3,33759,27900,
CCLEO6,CENTRAL,CLEO,C6,36179,29900,
CCLEVER1,CENTRAL,CLEVER,C1,27709,22900,
CCLEVER2,CENTRAL,CLEVER,C2,27709,22900,
CCLEVER3,CENTRAL,CLEVER,C3,27709,22900,
CCLEVER5,CENTRAL,CLEVER,C5,27709,22900,
CCLEVER6,CENTRAL,CLEVER,C6,27709,22900,
CCLIX1,CENTRAL,CLIX,C1,55539,45900,
CCLIX2,CENTRAL,CLIX,C2,55539,45900,
CCLIX3,CENTRAL,CLIX,C3,55539,45900,
CCLIX5,CENTRAL,CLIX,C5,55539,45900,
CCO,CENTRAL,CLIP ON,,39325,32500,
CCODER1,CENTRAL,CODER,C1,47069,38900,
CCODER2,CENTRAL,CODER,C2,47069,38900,
CCODER6,CENTRAL,CODER,C6,47069,38900,
CCONDOR1,CENTRAL,CONDOR,C1,22808,18850,
CCONDOR2,CENTRAL,CONDOR,C2,22808,18850,
CCONDOR4,CENTRAL,CONDOR,C4,22808,18850,
CCOOL1,CENTRAL,COOL,C1,26741,22100,
CCOOL2,CENTRAL,COOL,C2,26741,22100,
CCOOL3,CENTRAL,COOL,C3,26741,22100,
CCOOL4,CENTRAL,COOL,C4,26741,22100,
CCOOPER1,CENTRAL,COOPER,C1,36179,29900,
CCOOPER11,CENTRAL,COOPER,C11,36179,29900,
CCOOPER2,CENTRAL,COOPER,C2,36179,29900,
CCOOPER3,CENTRAL,COOPER,C3,36179,29900,
CCOOPER4,CENTRAL,COOPER,C4,36179,29900,
CCOPENHAGEN1,CENTRAL,COPENHAGEN,C1,49489,40900,
CCOPENHAGEN2,CENTRAL,COPENHAGEN,C2,49489,40900,
CCOPENHAGEN3,CENTRAL,COPENHAGEN,C3,49489,40900,
CCORE1,CENTRAL,CORE,C1,47069,38900,
CCORE2,CENTRAL,CORE,C2,47069,38900,
CCORE4,CENTRAL,CORE,C4,47069,38900,
CCORE5,CENTRAL,CORE,C5,47069,38900,
CCOROICO1,CENTRAL,COROICO,C1,47069,38900,
CCOROICO2,CENTRAL,COROICO,C2,47069,38900,
CCOSTA6,CENTRAL,COSTA,C6,44649,36900,
CCRAFT1,CENTRAL,CRAFT,C1,36179,29900,
CCRAFT3,CENTRAL,CRAFT,C3,36179,29900,
CCRAFT5,CENTRAL,CRAFT,C5,36179,29900,
CCRISTAL1,CENTRAL,CRISTAL,C1,27709,22900,
CCRISTAL2,CENTRAL,CRISTAL,C2,27709,22900,
CCRISTAL3,CENTRAL,CRISTAL,C3,27709,22900,
CCRX,CENTRAL,CLASICO RX,,9184,7590,
CCUSCO1,CENTRAL,CUSCO,C1,26741,22100,
CCUSCO2,CENTRAL,CUSCO,C2,26741,22100,
CCUSCO4,CENTRAL,CUSCO,C4,26741,22100,
CCUSCO5,CENTRAL,CUSCO,C5,26741,22100,
CCUSCO6,CENTRAL,CUSCO,C6,26741,22100,
CCUSCO7,CENTRAL,CUSCO,C7,26741,22100,
CCUSCO8,CENTRAL,CUSCO,C8,26741,22100,
CCYCLE1,CENTRAL,CYCLE,C1,36179,29900,
CCYCLE4,CENTRAL,CYCLE,C4,36179,29900,
CCYCLE6,CENTRAL,CYCLE,C6,36179,29900,
CDANCER1,CENTRAL,DANCER,C1,27709,22900,
CDANCER2,CENTRAL,DANCER,C2,27709,22900,
CDANCER5,CENTRAL,DANCER,C5,27709,22900,
CDARWIN1,CENTRAL,DARWIN,C1,47069,38900,
CDARWIN2,CENTRAL,DARWIN,C2,47069,38900,
CDELF1,CENTRAL,DELF,C1,47069,38900,
CDELF2,CENTRAL,DELF,C2,47069,38900,
CDELF3,CENTRAL,DELF,C3,47069,38900,
CDELF4,CENTRAL,DELF,C4,47069,38900,
CDELF5,CENTRAL,DELF,C5,47069,38900,
CDELHI1,CENTRAL,DELHI,C1,27709,22900,
CDELHI2,CENTRAL,DELHI,C2,27709,22900,
CDELHI4,CENTRAL,DELHI,C4,27709,22900,
CDELHI5,CENTRAL,DELHI,C5,27709,22900,
CDELHI6,CENTRAL,DELHI,C6,27709,22900,
CDEMI1,CENTRAL,DEMI,C1,36179,29900,
CDENVER1,CENTRAL,DENVER,C1,44649,36900,
CDENVER4,CENTRAL,DENVER,C4,44649,36900,
CDESTELLO1,CENTRAL,DESTELLO,C1,33759,27900,
CDESTELLO3,CENTRAL,DESTELLO,C3,33759,27900,
CDESTELLO4,CENTRAL,DESTELLO,C4,33759,27900,
CDHAKA1,CENTRAL,DHAKA,C1,33759,27900,
CDHAKA2,CENTRAL,DHAKA,C2,33759,27900,
CDHAKA4,CENTRAL,DHAKA,C4,33759,27900,
CDHAKA5,CENTRAL,DHAKA,C5,33759,27900,
CDHAKA6,CENTRAL,DHAKA,C6,33759,27900,
CDINAMITA3,CENTRAL,DINAMITA,C3,33759,27900,
CDOLCE1,CENTRAL,DOLCE,C1,31460,26000,
CDOLCE2,CENTRAL,DOLCE,C2,31460,26000,
CDOLCE5,CENTRAL,DOLCE,C5,31460,26000,
CDOLCE6,CENTRAL,DOLCE,C6,31460,26000,
CDON1,CENTRAL,DON,C1,48279,39900,
CDON2,CENTRAL,DON,C2,48279,39900,
CDON3,CENTRAL,DON,C3,48279,39900,
CDREN1,CENTRAL,DREN,C1,47069,38900,
CDREN2,CENTRAL,DREN,C2,47069,38900,
CDREN3,CENTRAL,DREN,C3,47069,38900,
CDREN4,CENTRAL,DREN,C4,47069,38900,
CDRIFT4,CENTRAL,DRIFT,C4,36179,29900,
CDRIFT5,CENTRAL,DRIFT,C5,36179,29900,
CDRIFT6,CENTRAL,DRIFT,C6,36179,29900,
CDRIFT7,CENTRAL,DRIFT,C7,36179,29900,
CECLIPSE1,CENTRAL,ECLIPSE,C1,39325,32500,
CECLIPSE3,CENTRAL,ECLIPSE,C3,39325,32500,
CEDGE2,CENTRAL,EDGE,C2,36179,29900,
CEDGE3,CENTRAL,EDGE,C3,36179,29900,
CEDGE4,CENTRAL,EDGE,C4,36179,29900,
CEDGE6,CENTRAL,EDGE,C6,36179,29900,
CEKEV1,CENTRAL,EKEV,C1,27709,22900,
CEKEV2,CENTRAL,EKEV,C2,27709,22900,
CEKEV3,CENTRAL,EKEV,C3,27709,22900,
CELARA1,CENTRAL,ELARA,C1,47069,38900,
CELARA2,CENTRAL,ELARA,C2,47069,38900,
CELARA5,CENTRAL,ELARA,C5,47069,38900,
CELECTRA1,CENTRAL,ELECTRA,C1,39325,32500,
CELECTRA3,CENTRAL,ELECTRA,C3,39325,32500,
CELECTRA4,CENTRAL,ELECTRA,C4,39325,32500,
CELISA1,CENTRAL,ELISA,C1,47069,38900,
CELISA2,CENTRAL,ELISA,C2,47069,38900,
CELISA4,CENTRAL,ELISA,C4,47069,38900,
CELITE1,CENTRAL,ELITE,C1,33759,27900,
CELITE2,CENTRAL,ELITE,C2,33759,27900,
CELITE3,CENTRAL,ELITE,C3,33759,27900,
CELITE5,CENTRAL,ELITE,C5,33759,27900,
CELITE6,CENTRAL,ELITE,C6,33759,27900,
CELITE8,CENTRAL,ELITE,C8,33759,27900,
CELLE1,CENTRAL,ELLE,C1,36179,29900,
CELLE3,CENTRAL,ELLE,C3,36179,29900,
CELLE5,CENTRAL,ELLE,C5,36179,29900,
CELYSE1,CENTRAL,ELYSE,C1,51909,42900,
CELYSE2,CENTRAL,ELYSE,C2,51909,42900,
CELYSE3,CENTRAL,ELYSE,C3,51909,42900,
CEMBER1,CENTRAL,EMBER,C1,47069,38900,
CEMBER2,CENTRAL,EMBER,C2,47069,38900,
CEMERALD2,CENTRAL,EMERALD,C2,51909,42900,
CEMERALD3,CENTRAL,EMERALD,C3,51909,42900,
CEMERALD4,CENTRAL,EMERALD,C4,51909,42900,
CENERGIA1,CENTRAL,ENERGIA,C1,33759,27900,
CENERGIA2,CENTRAL,ENERGIA,C2,33759,27900,
CENERGIA6,CENTRAL,ENERGIA,C6,33759,27900,
CENIGMA2,CENTRAL,ENIGMA,C2,27528,22750,
CENIGMA4,CENTRAL,ENIGMA,C4,27528,22750,
CENIGMA6,CENTRAL,ENIGMA,C6,27528,22750,
CENIGMA8,CENTRAL,ENIGMA,C8,27528,22750,
CESME1,CENTRAL,ESME,C1,44649,36900,
CESME2,CENTRAL,ESME,C2,44649,36900,
CESME3,CENTRAL,ESME,C3,42229,34900,
CESME4,CENTRAL,ESME,C4,44649,36900,
CESME5,CENTRAL,ESME,C5,42229,34900,
CESTRELLA1,CENTRAL,ESTRELLA,C1,39325,32500,
CESTRELLA2,CENTRAL,ESTRELLA,C2,39325,32500,
CESTRELLA3,CENTRAL,ESTRELLA,C3,39325,32500,
CESTRELLA4,CENTRAL,ESTRELLA,C4,39325,32500,
CETER1,CENTRAL,ETER,C1,33759,27900,
CETER2,CENTRAL,ETER,C2,33759,27900,
CETER3,CENTRAL,ETER,C3,33759,27900,
CETER4,CENTRAL,ETER,C4,33759,27900,
CETER5,CENTRAL,ETER,C5,33759,27900,
CETON1,CENTRAL,ETON,C1,53119,43900,
CETON3,CENTRAL,ETON,C3,53119,43900,
CETON4,CENTRAL,ETON,C4,53119,43900,
CEYE,CENTRAL,EYE,,36179,29900,
CEZRA1,CENTRAL,EZRA,C1,47069,38900,
CEZRA2,CENTRAL,EZRA,C2,47069,38900,
CEZRA3,CENTRAL,EZRA,C3,47069,38900,
CEZRA5,CENTRAL,EZRA,C5,47069,38900,
CFALCON1,CENTRAL,FALCON,C1,22808,18850,
CFALCON3,CENTRAL,FALCON,C3,22808,18850,
CFALCON4,CENTRAL,FALCON,C4,22808,18850,
CFELIZ6,CENTRAL,FELIZ,C6,27709,22900,
CFELX1,CENTRAL,FELX,C1,47069,38900,
CFELX11,CENTRAL,FELX,C11,47069,38900,
CFELX3,CENTRAL,FELX,C3,47069,38900,
CFELX7,CENTRAL,FELX,C7,47069,38900,
CFELX8,CENTRAL,FELX,C8,47069,38900,
CFENIX1,CENTRAL,FENIX,C1,47069,38900,
CFENIX2,CENTRAL,FENIX,C2,47069,38900,
CFENIX3,CENTRAL,FENIX,C3,47069,38900,
CFINN1,CENTRAL,FINN,C1,47069,38900,
CFINN2,CENTRAL,FINN,C2,47069,38900,
CFINN3,CENTRAL,FINN,C3,47069,38900,
CFINN4,CENTRAL,FINN,C4,47069,38900,
CFINN5,CENTRAL,FINN,C5,47069,38900,
CFIRMAMENT1,CENTRAL,FIRMAMENT,C1,47069,38900,
CFIRMAMENT2,CENTRAL,FIRMAMENT,C2,47069,38900,
CFIRMAMENT3,CENTRAL,FIRMAMENT,C3,47069,38900,
CFLAMA1,CENTRAL,FLAMA,C1,36179,29900,
CFLAMA2,CENTRAL,FLAMA,C2,36179,29900,
CFLAMA3,CENTRAL,FLAMA,C3,36179,29900,
CFLAMA5,CENTRAL,FLAMA,C5,36179,29900,
CFLASH1,CENTRAL,FLASH,C1,54329,44900,
CFLASH2,CENTRAL,FLASH,C2,54329,44900,
CFLASH3,CENTRAL,FLASH,C3,54329,44900,
CFLASH4,CENTRAL,FLASH,C4,54329,44900,
CFLASH5,CENTRAL,FLASH,C5,54329,44900,
CFLEX1,CENTRAL,FLEX,C1,51909,42900,
CFLEX2,CENTRAL,FLEX,C2,51909,42900,
CFLEX3,CENTRAL,FLEX,C3,51909,42900,
CFLEX44,CENTRAL,FLEX,C44,51909,42900,
CFLEX68801,CENTRAL,FLEX,C68801,51909,42900,
CFLEX7,CENTRAL,FLEX,C7,51909,42900,
CFLEX9,CENTRAL,FLEX,C9,51909,42900,
CFLORA3,CENTRAL,FLORA,C3,36179,29900,
CFLORA4,CENTRAL,FLORA,C4,36179,29900,
CFLORENCIA3,CENTRAL,FLORENCIA,C3,36179,29900,
CFLOWER5,CENTRAL,FLOWER,C5,36179,29900,
CFOCO1,CENTRAL,FOCO,C1,44649,36900,
CFOCO2,CENTRAL,FOCO,C2,44649,36900,
CFOCO3,CENTRAL,FOCO,C3,44649,36900,
CFOGGIA1,CENTRAL,FOGGIA,C1,22808,18850,
CFOGGIA2,CENTRAL,FOGGIA,C2,22808,18850,
CFOGGIA5,CENTRAL,FOGGIA,C5,22808,18850,
CFORGE1,CENTRAL,FORGE,C1,47069,38900,
CFORGE2,CENTRAL,FORGE,C2,47069,38900,
CFORGE3,CENTRAL,FORGE,C3,47069,38900,
CFORGE5,CENTRAL,FORGE,C5,47069,38900,
CFOZ1,CENTRAL,FOZ,C1,47069,38900,
CFOZ2,CENTRAL,FOZ,C2,47069,38900,
CFOZ3,CENTRAL,FOZ,C3,47069,38900,
CFOZ4,CENTRAL,FOZ,C4,47069,38900,
CFOZ5,CENTRAL,FOZ,C5,47069,38900,
CFRANK1,CENTRAL,FRANK RX,C1,36179,29900,
CFRANK2,CENTRAL,FRANK RX,C2,36179,29900,
CFRANK3,CENTRAL,FRANK RX,C3,36179,29900,
CFRANK4,CENTRAL,FRANK RX,C4,36179,29900,
CFRANK5,CENTRAL,FRANK RX,C5,36179,29900,
CFRANK6,CENTRAL,FRANK RX,C6,36179,29900,
CFRED1,CENTRAL,FRED,C1,27709,22900,
CFRED2,CENTRAL,FRED,C2,27709,22900,
CFRED5,CENTRAL,FRED,C5,27709,22900,
CFREEDOM1,CENTRAL,FREEDOM,C1,36179,29900,
CFROGY1,CENTRAL,FROGY,C1,33759,27900,
CFROGY2,CENTRAL,FROGY,C2,33759,27900,
CFROGY5,CENTRAL,FROGY,C5,33759,27900,
CFUEGO1,CENTRAL,FUEGO,C1,36179,29900,
CFUEGO2,CENTRAL,FUEGO,C2,36179,29900,
CFUEGO3,CENTRAL,FUEGO,C3,36179,29900,
CFUNKY4,CENTRAL,FUNKY,C4,36179,29900,
CFUSE1,CENTRAL,FUSE,C1,51909,42900,
CFUSE2,CENTRAL,FUSE,C2,51909,42900,
CFUSE4,CENTRAL,FUSE,C4,51909,42900,
CFUSION1,CENTRAL,FUSION,C1,36179,29900,
CFUSION2,CENTRAL,FUSION,C2,36179,29900,
CFUSION4,CENTRAL,FUSION,C4,36179,29900,
CFUSION5,CENTRAL,FUSION,C5,36179,29900,
CFUTY1,CENTRAL,FUTY,C1,39809,32900,
CFUTY2,CENTRAL,FUTY,C2,39809,32900,
CFUTY3,CENTRAL,FUTY,C3,39809,32900,
CFUTY4,CENTRAL,FUTY,C4,39809,32900,
CFUTY5,CENTRAL,FUTY,C5,39809,32900,
CGALA1,CENTRAL,GALA,C1,47069,38900,
CGALA3,CENTRAL,GALA,C3,47069,38900,
CGALA5,CENTRAL,GALA,C5,47069,38900,
CGALATEA1,CENTRAL,GALATEA,C1,33759,27900,
CGALATEA2,CENTRAL,GALATEA,C2,33759,27900,
CGALATEA8,CENTRAL,GALATEA,C8,33759,27900,
CGALAXY2,CENTRAL,GALAXY,C2,36179,29900,
CGALAXY4,CENTRAL,GALAXY,C4,36179,29900,
CGALU1,CENTRAL,GALU,C1,47069,38900,
CGALU2,CENTRAL,GALU,C2,47069,38900,
CGALU4,CENTRAL,GALU,C4,47069,38900,
CGAMA1,CENTRAL,GAMA,C1,47069,38900,
CGAMA13,CENTRAL,GAMA,C13,47069,38900,
CGAMA6,CENTRAL,GAMA,C6,47069,38900,
CGANG1,CENTRAL,GANG,C1,22808,18850,
CGANG2,CENTRAL,GANG,C2,22808,18850,
CGANG3,CENTRAL,GANG,C3,22808,18850,
CGANG5,CENTRAL,GANG,C5,22808,18850,
CGAROPABA1,CENTRAL,GAROPABA,C1,37389,30900,
CGAROPABA2,CENTRAL,GAROPABA,C2,37389,30900,
CGAROPABA4,CENTRAL,GAROPABA,C4,37389,30900,
CGARY1,CENTRAL,GARY,C1,54329,44900,
CGARY3,CENTRAL,GARY,C3,54329,44900,
CGARY4,CENTRAL,GARY,C4,54329,44900,
CGARY5,CENTRAL,GARY,C5,54329,44900,
CGC1,CENTRAL,GOLD COAST,C1,36179,29900,
CGC2,CENTRAL,GOLD COAST,C2,36179,29900,
CGC3,CENTRAL,GOLD COAST,C3,36179,29900,
CGC5,CENTRAL,GOLD COAST,C5,36179,29900,
CGHOST1,CENTRAL,GHOST,C1,48279,39900,
CGHOST2,CENTRAL,GHOST,C2,48279,39900,
CGHOST3,CENTRAL,GHOST,C3,48279,39900,
CGHOST4,CENTRAL,GHOST,C4,48279,39900,
CGHOST5,CENTRAL,GHOST,C5,48279,39900,
CGHOST6,CENTRAL,GHOST,C6,48279,39900,
CGIBRALTAR1,CENTRAL,GIBRALTAR,C1,37389,30900,
CGIBRALTAR2,CENTRAL,GIBRALTAR,C2,37389,30900,
CGIBRALTAR3,CENTRAL,GIBRALTAR,C3,37389,30900,
CGINEBRA1,CENTRAL,GINEBRA,C1,39809,32900,
CGINEBRA3,CENTRAL,GINEBRA,C3,39809,32900,
CGINEBRA5,CENTRAL,GINEBRA,C5,39809,32900,
CGIRL1,CENTRAL,GIRL,C1,33759,27900,
CGIRL3,CENTRAL,GIRL,C3,33759,27900,
CGIRL4,CENTRAL,GIRL,C4,33759,27900,
CGLASGOW2,CENTRAL,GLASGOW,C2,33759,27900,
CGLASGOW6,CENTRAL,GLASGOW,C6,33759,27900,
CGLINT1,CENTRAL,GLINT,C1,51909,42900,
CGLINT2,CENTRAL,GLINT,C2,51909,42900,
CGLINT3,CENTRAL,GLINT,C3,51909,42900,
CGLORIA1,CENTRAL,GLORIA,C1,27709,22900,
CGLORIA2,CENTRAL,GLORIA,C2,27709,22900,
CGLORIA3,CENTRAL,GLORIA,C3,27709,22900,
CGLORIA4,CENTRAL,GLORIA,C4,27709,22900,
CGLORIA5,CENTRAL,GLORIA,C5,27709,22900,
CGLORIA6,CENTRAL,GLORIA,C6,27709,22900,
CGLOW1,CENTRAL,GLOW,C1,54329,44900,
CGLOW3,CENTRAL,GLOW,C3,54329,44900,
CGLOW4,CENTRAL,GLOW,C4,54329,44900,
CGOLD2,CENTRAL,GOLD,C2,44649,36900,
CGOLD3,CENTRAL,GOLD,C3,44649,36900,
CGOLD5,CENTRAL,GOLD,C5,44649,36900,
CGREGORY1,CENTRAL,GREGORY,C1,27709,22900,
CGREGORY2,CENTRAL,GREGORY,C2,27709,22900,
CGREGORY3,CENTRAL,GREGORY,C3,27709,22900,
CGREGORY5,CENTRAL,GREGORY,C5,27709,22900,
CGREGORY6,CENTRAL,GREGORY,C6,27709,22900,
CGREGORY8,CENTRAL,GREGORY,C8,27709,22900,
CGRID1,CENTRAL,GRID,C1,47069,38900,
CGRID2,CENTRAL,GRID,C2,47069,38900,
CGRID3,CENTRAL,GRID,C3,47069,38900,
CGUS2,CENTRAL,GUS,C2,27709,22900,
CGUS3,CENTRAL,GUS,C3,27709,22900,
CGUS5,CENTRAL,GUS,C5,27709,22900,
CGUS6,CENTRAL,GUS,C6,27709,22900,
CHAIFA1,CENTRAL,HAIFA,C1,37389,30900,
CHAIFA2,CENTRAL,HAIFA,C2,37389,30900,
CHALLSTAT1,CENTRAL,HALLSTAT,C1,51909,42900,
CHALLSTAT2,CENTRAL,HALLSTAT,C2,51909,42900,
CHALLSTAT3,CENTRAL,HALLSTAT,C3,51909,42900,
CHALLSTAT4,CENTRAL,HALLSTAT,C4,51909,42900,
CHALLSTAT5,CENTRAL,HALLSTAT,C5,51909,42900,
CHALLSTAT6,CENTRAL,HALLSTAT,C6,51909,42900,
CHALLY1,CENTRAL,HALLY,C1,39325,32500,
CHALLY2,CENTRAL,HALLY,C2,39325,32500,
CHALLY3,CENTRAL,HALLY,C3,39325,32500,
CHALO2,CENTRAL,HALO,C2,27709,22900,
CHALO3,CENTRAL,HALO,C3,27709,22900,
CHALO5,CENTRAL,HALO,C5,27709,22900,
CHALO6,CENTRAL,HALO,C6,27709,22900,
CHAVEN1,CENTRAL,HAVEN,C1,47069,38900,
CHAVEN2,CENTRAL,HAVEN,C2,47069,38900,
CHAVEN3,CENTRAL,HAVEN,C3,47069,38900,
CHELIOS1,CENTRAL,HELIOS,C1,47069,38900,
CHELIOS2,CENTRAL,HELIOS,C2,47069,38900,
CHELIOS4,CENTRAL,HELIOS,C4,47069,38900,
CHELIOS6,CENTRAL,HELIOS,C6,47069,38900,
CHELSINKI1,CENTRAL,HELSINKI,C1,39325,32500,
CHELSINKI2,CENTRAL,HELSINKI,C2,39809,32900,
CHELSINKI3,CENTRAL,HELSINKI,C3,39325,32500,
CHE-RECH,VARIOS,CHEQUE RECHAZADO,,1,1,
CHERENCIA2,CENTRAL,HERENCIA,C2,22808,18850,
CHERENCIA4,CENTRAL,HERENCIA,C4,22808,18850,
CHERENCIA5,CENTRAL,HERENCIA,C5,22808,18850,
CHERMANO5,CENTRAL,HERMANO,C5,27709,22900,
CHERMANO6,CENTRAL,HERMANO,C6,27709,22900,
CHEY1,CENTRAL,HEY,C1,51909,42900,
CHEY2,CENTRAL,HEY,C2,51909,42900,
CHEY90,CENTRAL,HEY,C90,51909,42900,
CHEY91,CENTRAL,HEY,C91,51909,42900,
CHEY92,CENTRAL,HEY,C92,51909,42900,
CHOLD1,CENTRAL,HOLD,C1,42229,34900,
CHOLD4,CENTRAL,HOLD,C4,42229,34900,
CHOLD5,CENTRAL,HOLD,C5,42229,34900,
CHOLD633,CENTRAL,HOLD,C633,42229,34900,
CHOLD637,CENTRAL,HOLD,C637,42229,34900,
CHOLD638,CENTRAL,HOLD,C638,42229,34900,
CHOLD7,CENTRAL,HOLD,C7,42229,34900,
CHONOR2,CENTRAL,HONOR,C2,22808,18850,
CHONOR4,CENTRAL,HONOR,C4,22808,18850,
CHONOR5,CENTRAL,HONOR,C5,22808,18850,
CHORIZON1,CENTRAL,HORIZON,C1,47069,38900,
CHORIZON3,CENTRAL,HORIZON,C3,47069,38900,
CHORIZON4,CENTRAL,HORIZON,C4,47069,38900,
CHUDSON1,CENTRAL,HUDSON,C1,47069,38900,
CHUDSON2,CENTRAL,HUDSON,C2,47069,38900,
CHUDSON3,CENTRAL,HUDSON,C3,47069,38900,
CHUDSON5,CENTRAL,HUDSON,C5,47069,38900,
CHYDE1,CENTRAL,HYDE,C1,51909,42900,
CHYDE2,CENTRAL,HYDE,C2,51909,42900,
CHYDE3,CENTRAL,HYDE,C3,51909,42900,
CIBIZA1,CENTRAL,IBIZA C1 SOL,,39325,32500,
CIBIZA2,CENTRAL,IBIZA C2 CLIP,,44649,36900,
CIBIZA2SOL,CENTRAL,IBIZA C2 SOL,,39325,32500,
CIBIZA3,CENTRAL,IBIZA,C3,44649,36900,
CIBIZA4,CENTRAL,IBIZA,C4,44649,36900,
CICARO10,CENTRAL,ICARO,C10,47069,38900,
CICARO12,CENTRAL,ICARO,C12,47069,38900,
CICARO14,CENTRAL,ICARO,C14,47069,38900,
CICONIC1,CENTRAL,ICONIC,C1,53119,43900,
CICONIC2,CENTRAL,ICONIC,C2,53119,43900,
CICONIC3,CENTRAL,ICONIC,C3,53119,43900,
CICONIC4,CENTRAL,ICONIC,C4,53119,43900,
CIMPACTO1,CENTRAL,IMPACTO,C1,33759,27900,
CIMPACTO2,CENTRAL,IMPACTO,C2,33759,27900,
CIMPACTO4,CENTRAL,IMPACTO,C4,33759,27900,
CINDONESIA1,CENTRAL,INDONESIA,C1,26741,22100,
CINDONESIA2,CENTRAL,INDONESIA,C2,26741,22100,
CINDONESIA4,CENTRAL,INDONESIA,C4,26741,22100,
CINDONESIA8,CENTRAL,INDONESIA,C8,26741,22100,
CINKA2,CENTRAL,INKA,C2,42229,34900,
CINKA3,CENTRAL,INKA,C3,42229,34900,
CIRIS1,CENTRAL,IRIS,C1,47069,38900,
CIRIS8,CENTRAL,IRIS,C8,47069,38900,
CIRIS9,CENTRAL,IRIS,C9,47069,38900,
CISLAND1,CENTRAL,ISLAND,C1,26741,22100,
CISLAND2,CENTRAL,ISLAND,C2,26741,22100,
CIVI1,CENTRAL,IVI,C1,39325,32500,
CIVI3,CENTRAL,IVI,C3,39325,32500,
CIVI4,CENTRAL,IVI,C4,39325,32500,
CIVORY2,CENTRAL,IVORY,C2,47069,38900,
CIVORY3,CENTRAL,IVORY,C3,47069,38900,
CIVORY6,CENTRAL,IVORY,C6,47069,38900,
CIVORY7,CENTRAL,IVORY,C7,47069,38900,
CJANI1,CENTRAL,JANI,C1,47069,38900,
CJANI2,CENTRAL,JANI,C2,47069,38900,
CJANI3,CENTRAL,JANI,C3,47069,38900,
CJAY1,CENTRAL,JAY,C1,36179,29900,
CJAY2,CENTRAL,JAY,C2,36179,29900,
CJAY3,CENTRAL,JAY,C3,36179,29900,
CJAY4,CENTRAL,JAY,C4,36179,29900,
CJAYT2,CENTRAL,JAYT,C2,27709,22900,
CJAYT25,CENTRAL,JAYT,C25,27709,22900,
CJAYT26,CENTRAL,JAYT,C26,27709,22900,
CJAYT28,CENTRAL,JAYT,C28,27709,22900,
CJAYT3,CENTRAL,JAYT,C3,27709,22900,
CJAYT4,CENTRAL,JAYT,C4,27709,22900,
CJAYT462,CENTRAL,JAYT,C462,27709,22900,
CJEFFREY1,CENTRAL,JEFFREY,C1,27709,22900,
CJEFFREY2,CENTRAL,JEFFREY,C2,27709,22900,
CJEFFREY3,CENTRAL,JEFFREY,C3,27709,22900,
CJEFFREY4,CENTRAL,JEFFREY C4-2,,27709,22900,
CJEFFREY5,CENTRAL,JEFFREY,C5,27709,22900,
CJEFFREY6,CENTRAL,JEFFREY C6-1,,27709,22900,
CJERI1,CENTRAL,JERI,C1,47069,38900,
CJERI2,CENTRAL,JERI,C2,47069,38900,
CJERI3,CENTRAL,JERI,C3,47069,38900,
CJERI4,CENTRAL,JERI,C4,47069,38900,
CJERI5,CENTRAL,JERI,C5,47069,38900,
CJERI6,CENTRAL,JERI,C6,47069,38900,
CJETT1,CENTRAL,JETT,C1,36179,29900,
CJETT2,CENTRAL,JETT,C2,36179,29900,
CJETT5,CENTRAL,JETT,C5,36179,29900,
CJOHAN1,CENTRAL,JOHAN,C1,26741,22100,
CJOHAN2,CENTRAL,JOHAN,C2,26741,22100,
CJOHN1,CENTRAL,JOHN,C1,26741,22100,
CJOHN2,CENTRAL,JOHN,C2,26741,22100,
CJUDY1,CENTRAL,JUDY,C1,33759,27900,
CJUDY2,CENTRAL,JUDY,C2,33759,27900,
CJUDY3,CENTRAL,JUDY,C3,33759,27900,
CJUNO2,CENTRAL,JUNO,C2,47069,38900,
CJUNO3,CENTRAL,JUNO,C3,47069,38900,
CKAI1,CENTRAL,KAI,C1,47069,38900,
CKAI2,CENTRAL,KAI,C2,47069,38900,
CKAI5,CENTRAL,KAI,C5,47069,38900,
CKAI6,CENTRAL,KAI,C6,47069,38900,
CKANODAMA4,CENTRAL,KANO DAMA,C4,47069,38900,
CKANOJUVENIL1,CENTRAL,KANO JUVENIL,C1,47069,38900,
CKANOJUVENIL3,CENTRAL,KANO JUVENIL,C3,47069,38900,
CKANOJUVENIL5,CENTRAL,KANO JUVENIL,C5,47069,38900,
CKARO1,CENTRAL,KARO,C1,47069,38900,
CKARO2,CENTRAL,KARO,C2,47069,38900,
CKARO3,CENTRAL,KARO,C3,47069,38900,
CKARO4,CENTRAL,KARO,C4,47069,38900,
CKARO5,CENTRAL,KARO,C5,47069,38900,
CKENNY2,CENTRAL,KENNY,C2,33759,27900,
CKENNY24,CENTRAL,KENNY,C24,33759,27900,
CKENNY26,CENTRAL,KENNY,C26,33759,27900,
CKENNY28,CENTRAL,KENNY,C28,33759,27900,
CKENNY5,CENTRAL,KENNY,C5,33759,27900,
CKENT1,CENTRAL,KENT,C1,44649,36900,
CKENT2,CENTRAL,KENT,C2,44649,36900,
CKENT3,CENTRAL,KENT,C3,44649,36900,
CKING3,CENTRAL,KING,C3,39325,32500,
CKING4,CENTRAL,KING,C4,39325,32500,
CKIRA1,CENTRAL,KIRA,C1,44649,36900,
CKIRA3,CENTRAL,KIRA,C3,44649,36900,
CKIRA4,CENTRAL,KIRA,C4,42229,34900,
CKIRA5,CENTRAL,KIRA,C5,44649,36900,
CKITTY1,CENTRAL,KITTY,C1,27709,22900,
CKITTY3,CENTRAL,KITTY,C3,27709,22900,
CKITTY6,CENTRAL,KITTY,C6,27709,22900,
CKOOK1,CENTRAL,KOOK,C1,27709,22900,
CKOOK4,CENTRAL,KOOK,C4,27709,22900,
CKOOK5,CENTRAL,KOOK,C5,27709,22900,
CKUNZ3,CENTRAL,KUNZ,C3,36179,29900,
CKYOTO1,CENTRAL,KYOTO,C1,44649,36900,
CKYOTO2,CENTRAL,KYOTO,C2,44649,36900,
CKYOTO3,CENTRAL,KYOTO,C3,44649,36900,
CLADY1,CENTRAL,LADY,C1,31460,26000,
CLADY3,CENTRAL,LADY,C3,31460,26000,
CLADY5,CENTRAL,LADY,C5,31460,26000,
CLARK2,CENTRAL,LARK,C2,47069,38900,
CLARK4,CENTRAL,LARK,C4,47069,38900,
CLARK6,CENTRAL,LARK,C6,47069,38900,
CLAVI1,CENTRAL,LAVI,C1,47069,38900,
CLAVI6,CENTRAL,LAVI,C6,47069,38900,
CLAVI7,CENTRAL,LAVI,C7,47069,38900,
CLAVI9,CENTRAL,LAVI,C9,47069,38900,
CLAWYER2,CENTRAL,LAWYER,C2,20449,16900,
CLAWYER3,CENTRAL,LAWYER,C3,20449,16900,
CLAWYER4,CENTRAL,LAWYER,C4,20449,16900,
CLAWYER5,CENTRAL,LAWYER,C5,20449,16900,
CLAWYER6,CENTRAL,LAWYER,C6,20449,16900,
CLEADER1,CENTRAL,LEADER,C1,47069,38900,
CLEADER3,CENTRAL,LEADER,C3,47069,38900,
CLEADER5,CENTRAL,LEADER,C5,47069,38900,
CLEE2,CENTRAL,LEE,C2,54329,44900,
CLEE4,CENTRAL,LEE,C4,54329,44900,
CLEE5,CENTRAL,LEE,C5,54329,44900,
CLEKA1,CENTRAL,LEKA,C1,51909,42900,
CLEKA2,CENTRAL,LEKA,C2,51909,42900,
CLEKA3,CENTRAL,LEKA,C3,51909,42900,
CLEKA4,CENTRAL,LEKA,C4,51909,42900,
CLEKA5,CENTRAL,LEKA,C5,51909,42900,
CLEVEL2,CENTRAL,LEVEL,C2,36179,29900,
CLIFT1,CENTRAL,LIFT,C1,33759,27900,
CLIFT10,CENTRAL,LIFT,C10,33759,27900,
CLIFT2,CENTRAL,LIFT,C2,33759,27900,
CLIFT21,CENTRAL,LIFT,C21,33759,27900,
CLIFT3,CENTRAL,LIFT,C3,33759,27900,
CLIFT4,CENTRAL,LIFT,C4,33759,27900,
CLIFT5,CENTRAL,LIFT,C5,33759,27900,
CLIFT90,CENTRAL,LIFT,C90,33759,27900,
CLILO2,CENTRAL,LILO,C2,27709,22900,
CLILO3,CENTRAL,LILO,C3,27709,22900,
CLILO5,CENTRAL,LILO,C5,27709,22900,
CLIMA1,CENTRAL,LIMA,C1,26741,22100,
CLIMA4,CENTRAL,LIMA,C4,26741,22100,
CLIMBO1,CENTRAL,LIMBO,C1,30129,24900,
CLIMBO2,CENTRAL,LIMBO,C2,30129,24900,
CLIMBO3,CENTRAL,LIMBO,C3,30129,24900,
CLIMBO4,CENTRAL,LIMBO,C4,30129,24900,
CLINDA2,CENTRAL,LINDA,C2,27709,22900,
CLINDA3,CENTRAL,LINDA,C3,27709,22900,
CLINDA5,CENTRAL,LINDA,C5,27709,22900,
CLIOR2,CENTRAL,LIOR,C2,33759,27900,
CLIOR3,CENTRAL,LIOR,C3,33759,27900,
CLIOR4,CENTRAL,LIOR,C4,33759,27900,
CLIQUID2,CENTRAL,LIQUID,C2,33759,27900,
CLIQUID4,CENTRAL,LIQUID,C4,33759,27900,
CLIQUID5,CENTRAL,LIQUID,C5,33759,27900,
CLISBOA1,CENTRAL,LISBOA,C1,27709,22900,
CLISBOA2,CENTRAL,LISBOA,C2,39809,32900,
CLISBOA3,CENTRAL,LISBOA,C3,39809,32900,
CLISBOA5,CENTRAL,LISBOA,C5,27709,22900,
CLISBOA6,CENTRAL,LISBOA,C6,39809,32900,
CLONDON1,CENTRAL,LONDON,C1,8349,6900,
CLONDON2,CENTRAL,LONDON,C2,8349,6900,
CLONDRES1,CENTRAL,LONDRES,C1,39809,32900,
CLONDRES2,CENTRAL,LONDRES,C2,39809,32900,
CLONDRES5,CENTRAL,LONDRES,C5,39809,32900,
CLOOP1,CENTRAL,LOOP,C1,47069,38900,
CLOOP2,CENTRAL,LOOP,C2,47069,38900,
CLOOP5,CENTRAL,LOOP,C5,47069,38900,
CLUCHI1,CENTRAL,LUCHI,C1,22808,18850,
CLUCHI2,CENTRAL,LUCHI,C2,22808,18850,
CLUCHI3,CENTRAL,LUCHI,C3,22808,18850,
CLUCHI4,CENTRAL,LUCHI,C4,22808,18850,
CLUCHI5,CENTRAL,LUCHI,C5,22808,18850,
CLUCHI6,CENTRAL,LUCHI,C6,22808,18850,
CLUCIANO1,CENTRAL,LUCIANO,C1,22808,18850,
CLUCIANO2,CENTRAL,LUCIANO,C2,22808,18850,
CLUMEN1,CENTRAL,LUMEN,C1,47069,38900,
CLUMEN2,CENTRAL,LUMEN,C2,47069,38900,
CLUMEN3,CENTRAL,LUMEN,C3,47069,38900,
CLUMEN4,CENTRAL,LUMEN,C4,47069,38900,
CLUMINA1,CENTRAL,LUMINA,C1,33759,27900,
CLUMINA3,CENTRAL,LUMINA,C3,33759,27900,
CLUMINA4,CENTRAL,LUMINA,C4,33759,27900,
CLUMINA5,CENTRAL,LUMINA,C5,33759,27900,
CLUMINA6,CENTRAL,LUMINA,C6,33759,27900,
CLUMINA8,CENTRAL,LUMINA,C8,33759,27900,
CLUMINAR2,CENTRAL,LUMINAR,C2,44649,36900,
CLUMINAR3,CENTRAL,LUMINAR,C3,44649,36900,
CLUMINAR4,CENTRAL,LUMINAR,C4,44649,36900,
CLUMINAR5,CENTRAL,LUMINAR,C5,44649,36900,
CLUMINAR6,CENTRAL,LUMINAR,C6,44649,36900,
CLUMO1,CENTRAL,LUMO,C1,47069,38900,
CLUMO2,CENTRAL,LUMO,C2,47069,38900,
CLUMO4,CENTRAL,LUMO,C4,47069,38900,
CLUMO5,CENTRAL,LUMO,C5,47069,38900,
CLUMO6,CENTRAL,LUMO,C6,47069,38900,
CLUTON1,CENTRAL,LUTON,C1,22808,18850,
CLUTON3,CENTRAL,LUTON,C3,22808,18850,
CLUTON5,CENTRAL,LUTON,C5,22808,18850,
CLUX1,CENTRAL,LUX,C1,47069,38900,
CLUX2,CENTRAL,LUX,C2,47069,38900,
CLUX3,CENTRAL,LUX,C3,47069,38900,
CLUX4,CENTRAL,LUX,C4,47069,38900,
CLUXY1,CENTRAL,LUXY1,,47069,38900,
CLUXY2,CENTRAL,LUXY2,,47069,38900,
CLUXY4,CENTRAL,LUXY4,,47069,38900,
CLYNX1,CENTRAL,LYNX,C1,47069,38900,
CLYNX2,CENTRAL,LYNX,C2,47069,38900,
CLYNX3,CENTRAL,LYNX,C3,47069,38900,
CLYON1,CENTRAL,LYON,C1,47069,38900,
CLYON2,CENTRAL,LYON,C2,47069,38900,
CLYON3,CENTRAL,LYON,C3,47069,38900,
CLYON4,CENTRAL,LYON,C4,47069,38900,
CLYON5,CENTRAL,LYON,C5,47069,38900,
CLYRA1,CENTRAL,LYRA,C1,47069,38900,
CLYRA2,CENTRAL,LYRA,C2,47069,38900,
CLYRA3,CENTRAL,LYRA,C3,47069,38900,
CLYRA4,CENTRAL,LYRA,C4,47069,38900,
CMADISSON2,CENTRAL,MADISSON,C2,39325,32500,
CMADISSON3,CENTRAL,MADISSON,C3,39325,32500,
CMAKER1,CENTRAL,MAKER,C1,27709,22900,
CMAKER2,CENTRAL,MAKER,C2,27709,22900,
CMAKER5,CENTRAL,MAKER,C5,27709,22900,
CMALCOM1,CENTRAL,MALCOM,C1,55539,45900,
CMALCOM2,CENTRAL,MALCOM,C2,55539,45900,
CMALCOM6,CENTRAL,MALCOM,C6,55539,45900,
CMALKA2,CENTRAL,MALKA,C2,36179,29900,
CMALKA4,CENTRAL,MALKA,C4,36179,29900,
CMALLORCA1,CENTRAL,MALLORCA,C1,39325,32500,
CMALLORCA5,CENTRAL,MALLORCA,C5,39325,32500,
CMALMO2,CENTRAL,MALMO,C2,33759,27900,
CMALMO4,CENTRAL,MALMO,C4,33759,27900,
CMALMO6,CENTRAL,MALMO,C6,33759,27900,
CMANILA4,CENTRAL,MANILA,C4,27528,22750,
CMANILA5,CENTRAL,MANILA,C5,27528,22750,
CMARFIL1,CENTRAL,MARFIL,C1,27709,22900,
CMARFIL2,CENTRAL,MARFIL,C2,27709,22900,
CMARFIL3,CENTRAL,MARFIL,C3,27709,22900,
CMARILYN2,CENTRAL,MARILYN,C2,26741,22100,
CMARILYN3,CENTRAL,MARILYN,C3,26741,22100,
CMARILYN5,CENTRAL,MARILYN,C5,26741,22100,
CMARIPOSA1,CENTRAL,MARIPOSA,C1,33759,27900,
CMARIPOSA2,CENTRAL,MARIPOSA,C2,33759,27900,
CMARIPOSA3,CENTRAL,MARIPOSA,C3,33759,27900,
CMARIPOSA4,CENTRAL,MARIPOSA,C4,33759,27900,
CMARSELLA1,CENTRAL,MARSELLA,C1,39325,32500,
CMARSELLA3,CENTRAL,MARSELLA,C3,39325,32500,
CMARSHAL1,CENTRAL,MARSHAL,C1,27709,22900,
CMARSHAL2,CENTRAL,MARSHAL,C2,27709,22900,
CMARSHAL5,CENTRAL,MARSHAL,C5,27709,22900,
CMARTIN2,CENTRAL,MARTIN,C2,27709,22900,
CMARTIN3,CENTRAL,MARTIN,C3,27709,22900,
CMARTIN5,CENTRAL,MARTIN,C5,27709,22900,
CMAVERICK1,CENTRAL,MAVERICK,C1,39325,32500,
CMAVERICK2,CENTRAL,MAVERICK,C2,39325,32500,
CMAVERICK4,CENTRAL,MAVERICK,C4,39325,32500,
CMAVI1,CENTRAL,MAVI,C1,33759,27900,
CMAVI2,CENTRAL,MAVI,C2,33759,27900,
CMAVI3,CENTRAL,MAVI,C3,33759,27900,
CMAVI4,CENTRAL,MAVI,C4,33759,27900,
CMAX2,CENTRAL,MAX,C2,27528,22750,
CMAX4,CENTRAL,MAX,C4,27528,22750,
CMAX6,CENTRAL,MAX,C6,27528,22750,
CMEDELLIN1,CENTRAL,MEDELLIN,C1,26741,22100,
CMEDELLIN4,CENTRAL,MEDELLIN,C4,26741,22100,
CMEDELLIN7,CENTRAL,MEDELLIN,C7,26741,22100,
CMG1,CENTRAL,MINA GERHAIS,C1,44649,36900,
CMG2,CENTRAL,MINA GERHAIS,C2,44649,36900,
CMG3,CENTRAL,MINA GERHAIS,C3,44649,36900,
CMG4,CENTRAL,MINA GERHAIS,C4,44649,36900,
CMIGUE1,CENTRAL,MIGUE,C1,48279,39900,
CMIGUE3,CENTRAL,MIGUE,C3,48279,39900,
CMIGUE5,CENTRAL,MIGUE,C5,48279,39900,
CMIKE1,CENTRAL,MIKE,C1,33759,27900,
CMIKE2,CENTRAL,MIKE,C2,33759,27900,
CMIKE3,CENTRAL,MIKE,C3,33759,27900,
CMIKE4,CENTRAL,MIKE,C4,33759,27900,
CMIKE5,CENTRAL,MIKE,C5,33759,27900,
CMIKE537,CENTRAL,MIKE,C537,33759,27900,
CMIKE539,CENTRAL,MIKE,C539,33759,27900,
CMIKO1,CENTRAL,MIKO,C1,51909,42900,
CMIKO2,CENTRAL,MIKO,C2,51909,42900,
CMIKO3,CENTRAL,MIKO,C3,51909,42900,
CMIKO4,CENTRAL,MIKO,C4,51909,42900,
CMIKO5,CENTRAL,MIKO,C5,51909,42900,
CMILA1,CENTRAL,MILA,C1,22808,18850,
CMILA2,CENTRAL,MILA,C2,22808,18850,
CMILA3,CENTRAL,MILA,C3,22808,18850,
CMILA4,CENTRAL,MILA,C4,22808,18850,
CMILA6,CENTRAL,MILA,C6,22808,18850,
CMILAN1,CENTRAL,MILAN,C1,39809,32900,
CMILAN2,CENTRAL,MILAN,C2,39809,32900,
CMILAN3,CENTRAL,MILAN,C3,39809,32900,
CMILAN5,CENTRAL,MILAN,C5,39809,32900,
CMINI31,CENTRAL,MINI-3,C1,27709,22900,
CMINI32,CENTRAL,MINI-3,C2,27709,22900,
CMINI33,CENTRAL,MINI-3,C3,27709,22900,
CMINI34,CENTRAL,MINI-3,C4,27709,22900,
CMINI35,CENTRAL,MINI-3,C5,27709,22900,
CMINI36,CENTRAL,MINI-3,C6,27709,22900,
CMIRA1,CENTRAL,MIRA,C1,36179,29900,
CMIRA2,CENTRAL,MIRA,C2,36179,29900,
CMIRA3,CENTRAL,MIRA,C3,36179,29900,
CMIST1,CENTRAL,MIST,C1,36179,29900,
CMIST3,CENTRAL,MIST,C3,36179,29900,
CMIST4,CENTRAL,MIST,C4,36179,29900,
CMOMMY2,CENTRAL,MOMMY,C2,39325,32500,
CMOMMY3,CENTRAL,MOMMY,C3,39325,32500,
CMOMMY4,CENTRAL,MOMMY,C4,39325,32500,
CMONACO1,CENTRAL,MONACO,C1,39325,32500,
CMONACO2,CENTRAL,MONACO,C2,39325,32500,
CMONACO5,CENTRAL,MONACO,C5,39325,32500,
CMONO5,CENTRAL,MONO,C5,27709,22900,
CMONTERREY5,CENTRAL,MONTERREY,C5,26741,22100,
CMONTERREY6,CENTRAL,MONTERREY,C6,26741,22100,
CMONTERREY8,CENTRAL,MONTERREY,C8,26741,22100,
CMONTEZUMA1,CENTRAL,MONTEZUMA,C1,22808,18850,
CMONTEZUMA2,CENTRAL,MONTEZUMA,C2,22808,18850,
CMONTEZUMA3,CENTRAL,MONTEZUMA,C3,22808,18850,
CMONTEZUMA5,CENTRAL,MONTEZUMA,C5,22808,18850,
CMONTREALC,CENTRAL,MONTREAL CELESTE,,27709,22900,
CMONTREALH,CENTRAL,MONTREAL HUESO,,27709,22900,
CMONTREALNEGRO,CENTRAL,MONTREAL NEGRO,,27709,22900,
CMONTREALR,CENTRAL,MONTREAL ROSA,,27709,22900,
CMONTREALT,CENTRAL,MONTREAL TRANSPARENTE,,27709,22900,
CMOON1,CENTRAL,MOON,C1,31460,26000,
CMOON2,CENTRAL,MOON,C2,31460,26000,
CMOON4,CENTRAL,MOON,C4,31460,26000,
CMOON5,CENTRAL,MOON,C5,31460,26000,
CMOON7,CENTRAL,MOON,C7,31460,26000,
CMORGAN1,CENTRAL,MORGAN,C1,53119,43900,
CMORGAN2,CENTRAL,MORGAN,C2,53119,43900,
CMORGAN3,CENTRAL,MORGAN,C3,53119,43900,
CMORGAN5,CENTRAL,MORGAN,C5,53119,43900,
CMOSCU6,CENTRAL,MOSCU,C6,26741,22100,
CMOSCU7,CENTRAL,MOSCU,C7,8349,6900,
CMOTA2,CENTRAL,MOTA,C2,44649,36900,
CMOTA3,CENTRAL,MOTA,C3,44649,36900,
CMOU1,CENTRAL,MOU,C1,33759,27900,
CMOU2,CENTRAL,MOU,C2,33759,27900,
CMOU25,CENTRAL,MOU,C25,33759,27900,
CMOU26,CENTRAL,MOU,C26,33759,27900,
CMOU28,CENTRAL,MOU,C28,33759,27900,
CMOU3,CENTRAL,MOU,C3,33759,27900,
CMOU4,CENTRAL,MOU,C4,33759,27900,
CMOU5,CENTRAL,MOU,C5,33759,27900,
CMOU6,CENTRAL,MOU,C6,33759,27900,
CMUMBAI3,CENTRAL,MUMBAI,C3,26741,22100,
CMUMBAI6,CENTRAL,MUMBAI,C6,26741,22100,
CMYKONOS1,CENTRAL,MYKONOS,C1,39325,32500,
CMYKONOS2,CENTRAL,MYKONOS,C2,39325,32500,
CMYKONOS3,CENTRAL,MYKONOS,C3,39325,32500,
CMYKONOS4,CENTRAL,MYKONOS,C4,39325,32500,
CMYKONOS5,CENTRAL,MYKONOS,C5,39325,32500,
CNAIROBI1,CENTRAL,NAIROBI,C1,26741,22100,
CNAIROBI3,CENTRAL,NAIROBI,C3,26741,22100,
CNAIROBI6,CENTRAL,NAIROBI,C6,26741,22100,
CNAIROBI7,CENTRAL,NAIROBI,C7,26741,22100,
CNAIROBISOL1,CENTRAL,NAIROBI SOL,C1,37389,30900,
CNAIROBISOL2,CENTRAL,NAIROBI SOL,C2,37389,30900,
CNAIROBISOL3,CENTRAL,NAIROBI SOL,C3,37389,30900,
CNATAL1,CENTRAL,NATAL,C1,47069,38900,
CNATAL2,CENTRAL,NATAL,C2,47069,38900,
CNATAL3,CENTRAL,NATAL,C3,47069,38900,
CNATAL4,CENTRAL,NATAL,C4,47069,38900,
CNATAL5,CENTRAL,NATAL,C5,47069,38900,
CNATURAL1,CENTRAL,NATURAL,C1,27709,22900,
CNATURAL2,CENTRAL,NATURAL,C2,27709,22900,
CNATURAL3,CENTRAL,NATURAL,C3,27709,22900,
CNATURAL4,CENTRAL,NATURAL,C4,27709,22900,
CNATURAL5,CENTRAL,NATURAL,C5,27709,22900,
CNATURAL6,CENTRAL,NATURAL,C6,27709,22900,
CNEBULA1,CENTRAL,NEBULA,C1,39325,32500,
CNEBULA3,CENTRAL,NEBULA,C3,39325,32500,
CNEBULA4,CENTRAL,NEBULA,C4,39325,32500,
CNECTAR1,CENTRAL,NECTAR,C1,44649,36900,
CNECTAR4,CENTRAL,NECTAR,C4,44649,36900,
CNECTAR5,CENTRAL,NECTAR,C5,44649,36900,
CNEMO1,CENTRAL,NEMO,C1,22808,18850,
CNEMO2,CENTRAL,NEMO,C2,22808,18850,
CNEMO3,CENTRAL,NEMO,C3,22808,18850,
CNEMO4,CENTRAL,NEMO,C4,22808,18850,
CNEO1,CENTRAL,NEO,C1,47069,38900,
CNEO2,CENTRAL,NEO,C2,47069,38900,
CNEO4,CENTRAL,NEO,C4,47069,38900,
CNEXO1,CENTRAL,NEXO,C1,47069,38900,
CNEXO2,CENTRAL,NEXO,C2,47069,38900,
CNEXO3,CENTRAL,NEXO,C3,47069,38900,
CNEXUS,CENTRAL,NEXUS,,36179,29900,
CNEXUS1,CENTRAL,NEXUS,C1,36179,29900,
CNEXUS3,CENTRAL,NEXUS,C3,36179,29900,
CNEXUS4,CENTRAL,NEXUS,C4,36179,29900,
CNH2,CENTRAL,NIEVE HONDA,C2,39325,32500,
CNH3,CENTRAL,NIEVE HONDA,C3,39325,32500,
CNH4,CENTRAL,NIEVE HONDA,C4,39325,32500,
CNIRA2,CENTRAL,NIRA,C2,47069,38900,
CNIRA3,CENTRAL,NIRA,C3,47069,38900,
CNIRA4,CENTRAL,NIRA,C4,47069,38900,
CNIRO1,CENTRAL,NIRO,C1,47069,38900,
CNIRO2,CENTRAL,NIRO,C2,47069,38900,
CNIRO3,CENTRAL,NIRO,C3,47069,38900,
CNIRO5,CENTRAL,NIRO,C5,47069,38900,
CNOE1,CENTRAL,NOE,C1,27709,22900,
CNOE2,CENTRAL,NOE,C2,27709,22900,
CNOE5,CENTRAL,NOE,C5,27709,22900,
CNOIR2,CENTRAL,NOIR,C2,47069,38900,
CNOIR4,CENTRAL,NOIR,C4,47069,38900,
CNOIR7,CENTRAL,NOIR,C7,47069,38900,
CNOIR8,CENTRAL,NOIR,C8,47069,38900,
CNOIR9,CENTRAL,NOIR,C9,47069,38900,
CNOMA1,CENTRAL,NOMA,C1,47069,38900,
CNOMA2,CENTRAL,NOMA,C2,47069,38900,
CNOMA3,CENTRAL,NOMA,C3,47069,38900,
CNOTTINGHILL1,CENTRAL,NOTTING HILL,C1,27709,22900,
CNOTTINGHILL2,CENTRAL,NOTTING HILL,C2,27709,22900,
CNOTTINGHILL3,CENTRAL,NOTTING HILL,C3,27709,22900,
CNOTTINGHILL4,CENTRAL,NOTTING HILL,C4,27709,22900,
CNOTTINGHILL5,CENTRAL,NOTTING HILL,C5,27709,22900,
CNOTTINGHILL6,CENTRAL,NOTTING HILL,C6,27709,22900,
CNOVA1,CENTRAL,NOVA,C1,42229,34900,
CNOVA2,CENTRAL,NOVA,C2,42229,34900,
CNOVA3,CENTRAL,NOVA,C3,42229,34900,
CNOVAIR1,CENTRAL,NOVAIR,C1,47069,38900,
CNOVAIR2,CENTRAL,NOVAIR,C2,47069,38900,
CNOVAIR3,CENTRAL,NOVAIR,C3,47069,38900,
CNOVAIR5,CENTRAL,NOVAIR,C5,47069,38900,
CNUQUI1,CENTRAL,NUQUI,C1,47069,38900,
CNUQUI2,CENTRAL,NUQUI,C2,47069,38900,
CNUQUI3,CENTRAL,NUQUI,C3,47069,38900,
CNUQUI4,CENTRAL,NUQUI,C4,47069,38900,
CNUQUI5,CENTRAL,NUQUI,C5,47069,38900,
CNY1,CENTRAL,NEW YORK,C1,39325,32500,
CNY2,CENTRAL,NEW YORK,C2,39325,32500,
CNY3,CENTRAL,NEW YORK,C3,39325,32500,
CNY5,CENTRAL,NEW YORK,C5,39325,32500,
CNYX1,CENTRAL,NYX,C1,47069,38900,
CNYX2,CENTRAL,NYX,C2,47069,38900,
CNYX3,CENTRAL,NYX,C3,47069,38900,
CNYX5,CENTRAL,NYX,C5,47069,38900,
CNYX6,CENTRAL,NYX,C6,47069,38900,
COCTAVE1,CENTRAL,OCTAVE,C1,47069,38900,
COCTAVE2,CENTRAL,OCTAVE,C2,47069,38900,
COCTAVE4,CENTRAL,OCTAVE,C4,47069,38900,
COCTAVE6,CENTRAL,OCTAVE,C6,47069,38900,
COLIVE1,CENTRAL,OLIVE,C1,53119,43900,
COLIVE2,CENTRAL,OLIVE,C2,53119,43900,
COLIVE3,CENTRAL,OLIVE,C3,53119,43900,
COLIVE4,CENTRAL,OLIVE,C4,53119,43900,
COLIVE5,CENTRAL,OLIVE,C5,53119,43900,
COLIVE6,CENTRAL,OLIVE,C6,53119,43900,
COLIVER1,CENTRAL,OLIVER,C1,47069,38900,
COLIVER2,CENTRAL,OLIVER,C2,47069,38900,
COLIVER3,CENTRAL,OLIVER,C3,47069,38900,
CONIX1,CENTRAL,ONIX,C1,44649,36900,
CONIX2,CENTRAL,ONIX,C2,44649,36900,
CONIX3,CENTRAL,ONIX,C3,44649,36900,
CONIX5,CENTRAL,ONIX,C5,44649,36900,
CONO1,CENTRAL,ONO,C1,42229,34900,
CONO2,CENTRAL,ONO,C2,42229,34900,
CONO3,CENTRAL,ONO,C3,42229,34900,
COPORTO2,CENTRAL,OPORTO,C2,27528,22750,
CORBIT2,CENTRAL,ORBIT,C2,22808,18850,
CORBIT4,CENTRAL,ORBIT,C4,22808,18850,
CORBIT5,CENTRAL,ORBIT,C5,22808,18850,
CORE1,CENTRAL,ORE,C1,51909,42900,
CORE2,CENTRAL,ORE,C2,51909,42900,
CORE3,CENTRAL,ORE,C3,51909,42900,
COREN1,CENTRAL,OREN,C1,42229,34900,
COREN2,CENTRAL,OREN,C2,42229,34900,
COREN3,CENTRAL,OREN,C3,42229,34900,
COREN4,CENTRAL,OREN,C4,42229,34900,
COREN5,CENTRAL,OREN,C5,42229,34900,
CORI3,CENTRAL,ORI,C3,47069,38900,
CORI5,CENTRAL,ORI,C5,47069,38900,
CORION2,CENTRAL,ORION,C2,27528,22750,
CORION6,CENTRAL,ORION,C6,27528,22750,
COSAKA1,CENTRAL,OSAKA,C1,26741,22100,
COSAKA3,CENTRAL,OSAKA,C3,26741,22100,
COSAKA4,CENTRAL,OSAKA,C4,26741,22100,
COSAKA6,CENTRAL,OSAKA,C6,26741,22100,
COSAKA7,CENTRAL,OSAKA,C7,26741,22100,
COSAKA8,CENTRAL,OSAKA,C8,26741,22100,
COSLO2,CENTRAL,OSLO,C2,39809,32900,
COSLO4,CENTRAL,OSLO,C4,39809,32900,
COSLO5,CENTRAL,OSLO,C5,39809,32900,
COTTAWA1,CENTRAL,OTTAWA,C1,49489,40900,
CPABLO2,CENTRAL,PABLO,C2,27709,22900,
CPABLO3,CENTRAL,PABLO,C3,27709,22900,
CPABLO5,CENTRAL,PABLO,C5,27709,22900,
CPABLO6,CENTRAL,PABLO,C6,27709,22900,
CPALERMO3,CENTRAL,PALERMO,C3,27709,22900,
CPALERMO5,CENTRAL,PALERMO,C5,27709,22900,
CPALERMO6,CENTRAL,PALERMO,C6,27709,22900,
CPANTO1,CENTRAL,PANTO,C1,31460,26000,
CPANTO3,CENTRAL,PANTO,C3,31460,26000,
CPANTO4,CENTRAL,PANTO,C4,31460,26000,
CPANTO6,CENTRAL,PANTO,C6,26741,22100,
CPANTOX1,CENTRAL,PANTOX,C1,31460,26000,
CPANTOX2,CENTRAL,PANTOX,C2,31460,26000,
CPANTOX4,CENTRAL,PANTOX,C4,31460,26000,
CPARIS1,CENTRAL,PARIS,C1,49489,40900,
CPARIS2,CENTRAL,PARIS,C2,49489,40900,
CPARIS3,CENTRAL,PARIS,C3,49489,40900,
CPARIS6,CENTRAL,PARIS,C6,49489,40900,
CPARMA1,CENTRAL,PARMA,C1,47069,38900,
CPARMA2,CENTRAL,PARMA,C2,47069,38900,
CPARMA3,CENTRAL,PARMA,C3,47069,38900,
CPARMA4,CENTRAL,PARMA,C4,47069,38900,
CPARMA5,CENTRAL,PARMA,C5,47069,38900,
CPAT3,CENTRAL,PAT,C3,39325,32500,
CPAT4,CENTRAL,PAT,C4,39325,32500,
CPEAK2,CENTRAL,PEAK,C2,36179,29900,
CPEAK4,CENTRAL,PEAK,C4,36179,29900,
CPEAK5,CENTRAL,PEAK,C5,36179,29900,
CPEARL1,CENTRAL,PEARL,C1,27709,22900,
CPEARL2,CENTRAL,PEARL,C2,27709,22900,
CPEARL4,CENTRAL,PEARL,C4,27709,22900,
CPEARL5,CENTRAL,PEARL,C5,27709,22900,
CPEGAZO1,CENTRAL,PEGAZO,C1,47069,38900,
CPEGAZO2,CENTRAL,PEGAZO,C2,47069,38900,
CPEGAZO3,CENTRAL,PEGAZO,C3,47069,38900,
CPEGAZO4,CENTRAL,PEGAZO,C4,47069,38900,
CPEGAZO5,CENTRAL,PEGAZO,C5,47069,38900,
CPERKS1,CENTRAL,PERKS,C1,27709,22900,
CPERKS2,CENTRAL,PERKS,C2,27709,22900,
CPERKS3,CENTRAL,PERKS,C3,27709,22900,
CPERLA2,CENTRAL,PERLA,C2,39325,32500,
CPERLA4,CENTRAL,PERLA,C4,39325,32500,
CPHANTOM1,CENTRAL,PHANTOM,C1,47069,38900,
CPHANTOM3,CENTRAL,PHANTOM,C3,47069,38900,
CPHANTOM4,CENTRAL,PHANTOM,C4,47069,38900,
CPIKI1,CENTRAL,PIKI,C1,54329,44900,
CPIKI2,CENTRAL,PIKI,C2,54329,44900,
CPIKI3,CENTRAL,PIKI,C3,54329,44900,
CPIKI5,CENTRAL,PIKI,C5,54329,44900,
CPIPA1,CENTRAL,PIPA,C1,44649,36900,
CPIPA3,CENTRAL,PIPA,C3,44649,36900,
CPIPA4,CENTRAL,PIPA,C4,44649,36900,
CPIPA6,CENTRAL,PIPA,C6,44649,36900,
CPOET1,CENTRAL,POET,C1,20449,16900,
CPOET2,CENTRAL,POET,C2,20449,16900,
CPOET3,CENTRAL,POET,C3,20449,16900,
CPOET4,CENTRAL,POET,C4,20449,16900,
CPOET5,CENTRAL,POET,C5,20449,16900,
CPOET6,CENTRAL,POET,C6,20449,16900,
CPOINT1,CENTRAL,POINT,C1,51909,42900,
CPOINT2,CENTRAL,POINT,C2,51909,42900,
CPOINT3,CENTRAL,POINT,C3,51909,42900,
CPOINT4,CENTRAL,POINT,C4,51909,42900,
CPOLAR,CENTRAL,POLAR,,36179,29900,
CPOLAR3,CENTRAL,POLAR3,,36179,29900,
CPOLICE1,CENTRAL,POLICE,C1,39325,32500,
CPOLICE4,CENTRAL,POLICE,C4,39325,32500,
CPOLICE5,CENTRAL,POLICE,C5,39325,32500,
CPONZA3,CENTRAL,PONZA,C3,22808,18850,
CPONZA4,CENTRAL,PONZA,C4,22808,18850,
CPONZA5,CENTRAL,PONZA,C5,22808,18850,
CPORTO1,CENTRAL,PORTO,C1,33759,27900,
CPORTO4,CENTRAL,PORTO,C4,33759,27900,
CPORTO6,CENTRAL,PORTO,C6,33759,27900,
CPOTTER1,CENTRAL,POTTER,C1,33759,27900,
CPOTTER3,CENTRAL,POTTER,C3,33759,27900,
CPOTTER5,CENTRAL,POTTER,C5,33759,27900,
CPOWDER1,CENTRAL,POWDER,C1,36179,29900,
CPOWDER2,CENTRAL,POWDER,C2,36179,29900,
CPOWDER4,CENTRAL,POWDER,C4,36179,29900,
CPRAGA1,CENTRAL,PRAGA,C1,39325,32500,
CPRAGA2,CENTRAL,PRAGA,C2,39325,32500,
CPRAGA3,CENTRAL,PRAGA,C3,39325,32500,
CPRAGA5,CENTRAL,PRAGA,C5,39325,32500,
CPREFERIDO3,CENTRAL,PREFERIDO,C3,27709,22900,
CPREFERIDO6,CENTRAL,PREFERIDO,C6,27709,22900,
CPRISMA1,CENTRAL,PRISMA,C1,44649,36900,
CPRISMA2,CENTRAL,PRISMA,C2,44649,36900,
CPRISMA3,CENTRAL,PRISMA,C3,44649,36900,
CPRISMA4,CENTRAL,PRISMA,C4,44649,36900,
CPRISMA5,CENTRAL,PRISMA,C5,44649,36900,
CPRISMA6,CENTRAL,PRISMA,C6,44649,36900,
CPUEBLO5,CENTRAL,PUEBLO,C5,27709,22900,
CPUEBLO6,CENTRAL,PUEBLO,C6,27709,22900,
CPULSE3,CENTRAL,PULSE,C3,36179,29900,
CPUNTA1,CENTRAL,PUNTA,C1,22808,18850,
CPUNTA2,CENTRAL,PUNTA,C2,22808,18850,
CPUNTA3,CENTRAL,PUNTA,C3,22808,18850,
CPUNTA5,CENTRAL,PUNTA,C5,22808,18850,
CPUNTA7,CENTRAL,PUNTA,C7,22808,18850,
CPUPO1,CENTRAL,PUPO,C1,35090,29000,
CQUANTUM1,CENTRAL,QUANTUM,C1,44649,36900,
CQUANTUM3,CENTRAL,QUANTUM,C3,44649,36900,
CQUANTUM4,CENTRAL,QUANTUM,C4,44649,36900,
CQUARZO1,CENTRAL,QUARZO,C1,26499,21900,
CQUARZO3,CENTRAL,QUARZO,C3,26499,21900,
CQUARZO4,CENTRAL,QUARZO,C4,30129,24900,
CQUEBEC1,CENTRAL,QUEBEC,C1,22808,18850,
CQUEBEC4,CENTRAL,QUEBEC,C4,22808,18850,
CQUEBEC5,CENTRAL,QUEBEC,C5,22808,18850,
CQUEBEC7,CENTRAL,QUEBEC,C7,22808,18850,
CQUEEN1,CENTRAL,QUEEN,C1,27709,22900,
CQUEEN3,CENTRAL,QUEEN,C3,27709,22900,
CRADIANTE1,CENTRAL,RADIANTE,C1,44649,36900,
CRADIANTE2,CENTRAL,RADIANTE,C2,44649,36900,
CRADIANTE3,CENTRAL,RADIANTE,C3,44649,36900,
CRAFAGA2,CENTRAL,RAFAGA,C2,33759,27900,
CRAULI1,CENTRAL,RAULI,C1,27709,22900,
CRAULI2,CENTRAL,RAULI,C2,27709,22900,
CRAULI3,CENTRAL,RAULI,C3,27709,22900,
CRAULI4,CENTRAL,RAULI,C4,27709,22900,
CRAULI5,CENTRAL,RAULI,C5,27709,22900,
CRAULI6,CENTRAL,RAULI,C6,27709,22900,
CRAVA3,CENTRAL,RAVA,C3,33759,27900,
CRAVA6,CENTRAL,RAVA,C6,33759,27900,
CRAY3,CENTRAL,RAY,C3,47069,38900,
CRAY4,CENTRAL,RAY,C4,47069,38900,
CRAY5,CENTRAL,RAY,C5,47069,38900,
CRAZO1,CENTRAL,RAZO,C1,47069,38900,
CRAZO2,CENTRAL,RAZO,C2,47069,38900,
CRAZO3,CENTRAL,RAZO,C3,47069,38900,
CRAZO4,CENTRAL,RAZO,C4,47069,38900,
CRAZO5,CENTRAL,RAZO,C5,47069,38900,
CRAZO6,CENTRAL,RAZO,C6,47069,38900,
CRAZO8,CENTRAL,RAZO,C8,47069,38900,
CREAL1,CENTRAL,REAL,C1,36179,29900,
CREAL2,CENTRAL,REAL,C2,36179,29900,
CREAL4,CENTRAL,REAL,C4,36179,29900,
CREBEL1,CENTRAL,REBEL,C1,47069,38900,
CREBEL2,CENTRAL,REBEL,C2,47069,38900,
CREBEL5,CENTRAL,REBEL,C5,47069,38900,
CREDRA1,CENTRAL,REDRA,C1,47069,38900,
CREDRA2,CENTRAL,REDRA,C2,47069,38900,
CREDRA5,CENTRAL,REDRA,C5,47069,38900,
CREINA1,CENTRAL,REINA,C1,44649,36900,
CREINA2,CENTRAL,REINA,C2,44649,36900,
CREINA4,CENTRAL,REINA,C4,44649,36900,
CREINA5,CENTRAL,REINA,C5,44649,36900,
CRELAMPAGO1,CENTRAL,RELAMPAGO,C1,36179,29900,
CRELAMPAGO2,CENTRAL,RELAMPAGO,C2,36179,29900,
CRELAMPAGO4,CENTRAL,RELAMPAGO,C4,36179,29900,
CRELAMPAGO5,CENTRAL,RELAMPAGO,C5,36179,29900,
CRENUA1,CENTRAL,RENUA,C1,47069,38900,
CRENUA2,CENTRAL,RENUA,C2,47069,38900,
CRENUA5,CENTRAL,RENUA,C5,47069,38900,
CREX1,CENTRAL,REX,C1,38599,31900,
CREX2,CENTRAL,REX,C2,38599,31900,
CREX4,CENTRAL,REX,C4,38599,31900,
CREX6,CENTRAL,REX,C6,38599,31900,
CREX641,CENTRAL,REX,C641,38599,31900,
CREX642,CENTRAL,REX,C642,38599,31900,
CREY1,CENTRAL,REY,C1,42229,34900,
CREY116,CENTRAL,REY,C116,42229,34900,
CREY2,CENTRAL,REY,C2,42229,34900,
CREY3,CENTRAL,REY,C3,42229,34900,
CREY42,CENTRAL,REY,C42,42229,34900,
CREY5,CENTRAL,REY,C5,42229,34900,
CREY641,CENTRAL,REY,C641,42229,34900,
CREY642,CENTRAL,REY,C642,42229,34900,
CRH1,CENTRAL,RIO HONDO,C1,47069,38900,
CRHINO1,CENTRAL,RHINO,C1,44649,36900,
CRHINO2,CENTRAL,RHINO,C2,44649,36900,
CRHINO3,CENTRAL,RHINO,C3,44649,36900,
CRHINO4,CENTRAL,RHINO,C4,44649,36900,
CRHINO5,CENTRAL,RHINO,C5,44649,36900,
CRICK1,CENTRAL,RICK,C1,27709,22900,
CRICK2,CENTRAL,RICK,C2,27709,22900,
CRICK3,CENTRAL,RICK,C3,27709,22900,
CRICK5,CENTRAL,RICK,C5,27709,22900,
CRICKY1,CENTRAL,RICKY,C1,33759,27900,
CRICKY2,CENTRAL,RICKY,C2,33759,27900,
CRICKY3,CENTRAL,RICKY,C3,33759,27900,
CRICKY4,CENTRAL,RICKY,C4,33759,27900,
CRICKY5,CENTRAL,RICKY,C5,33759,27900,
CRICKY6,CENTRAL,RICKY,C6,33759,27900,
CRIKO1,CENTRAL,RIKO,C1,47069,38900,
CRIKO3,CENTRAL,RIKO,C3,47069,38900,
CRIKO4,CENTRAL,RIKO,C4,47069,38900,
CRIMINI1,CENTRAL,RIMINI,C1,22808,18850,
CRIMINI4,CENTRAL,RIMINI,C4,22808,18850,
CRIMINI6,CENTRAL,RIMINI,C6,22808,18850,
CRIO1,CENTRAL,RIO,C1,39809,32900,
CRIO2,CENTRAL,RIO,C2,39809,32900,
CRIO3,CENTRAL,RIO,C3,39809,32900,
CRIO4,CENTRAL,RIO,C4,44649,36900,
CRIOT1,CENTRAL,RIOT,C1,47069,38900,
CRIOT2,CENTRAL,RIOT,C2,47069,38900,
CRIOT5,CENTRAL,RIOT,C5,47069,38900,
CRISE1,CENTRAL,RISE,C1,54329,44900,
CRISE2,CENTRAL,RISE,C2,54329,44900,
CRISE3,CENTRAL,RISE,C3,54329,44900,
CRISE4,CENTRAL,RISE,C4,54329,44900,
CRITMO1,CENTRAL,RITMO,C1,33759,27900,
CRITMO188,CENTRAL,RITMO,C188,33759,27900,
CRITMO2,CENTRAL,RITMO,C2,33759,27900,
CRITMO26,CENTRAL,RITMO,C26,33759,27900,
CRITMO3,CENTRAL,RITMO,C3,33759,27900,
CRITMO4,CENTRAL,RITMO,C4,33759,27900,
CRITMO46,CENTRAL,RITMO,C46,33759,27900,
CRITMO6,CENTRAL,RITMO,C6,33759,27900,
CRITMO73,CENTRAL,RITMO,C73,33759,27900,
CRIVE1,CENTRAL,RIVE,C1,51909,42900,
CRIVE2,CENTRAL,RIVE,C2,51909,42900,
CRIVE3,CENTRAL,RIVE,C3,51909,42900,
CRIVERA1,CENTRAL,RIVERA,C1,42229,34900,
CRIVERA15,CENTRAL,RIVERA,C15,42229,34900,
CRIVERA2,CENTRAL,RIVERA,C2,42229,34900,
CRIVERA3,CENTRAL,RIVERA,C3,42229,34900,
CROAD1,CENTRAL,ROAD,C1,33759,27900,
CROAD2,CENTRAL,ROAD,C2,33759,27900,
CROAD4,CENTRAL,ROAD,C4,33759,27900,
CROAD5,CENTRAL,ROAD,C5,33759,27900,
CROAD8,CENTRAL,ROAD,C8,33759,27900,
CROBERT1,CENTRAL,ROBERT,C1,26741,22100,
CROBERT2,CENTRAL,ROBERT,C2,26741,22100,
CROBERT3,CENTRAL,ROBERT,C3,26741,22100,
CROMA1,CENTRAL,ROMA,C1,39809,32900,
CROMA2,CENTRAL,ROMA,C2,39809,32900,
CROMA3,CENTRAL,ROMA,C3,22808,18850,
CROMA4,CENTRAL,ROMA,C4,22808,18850,
CROMA5,CENTRAL,ROMA,C5,22808,18850,
CROMA6,CENTRAL,ROMA,C6,39809,32900,
CRONX1,CENTRAL,RONX,C1,47069,38900,
CRONX11,CENTRAL,RONX,C11,47069,38900,
CRONX14,CENTRAL,RONX,C14,47069,38900,
CRONX44,CENTRAL,RONX,C44,47069,38900,
CROOTS1,CENTRAL,ROOTS,C1,47069,38900,
CROOTS2,CENTRAL,ROOTS,C2,47069,38900,
CROOTS3,CENTRAL,ROOTS,C3,47069,38900,
CROOTS5,CENTRAL,ROOTS,C5,47069,38900,
CROTERDAM1,CENTRAL,ROTERDAM,C1,39809,32900,
CROTERDAM2,CENTRAL,ROTERDAM,C2,39809,32900,
CROTERDAM5,CENTRAL,ROTERDAM,C5,39809,32900,
CROYAL1,CENTRAL,ROYAL,C1,22808,18850,
CROYAL3,CENTRAL,ROYAL,C3,22808,18850,
CROYAL4,CENTRAL,ROYAL,C4,22808,18850,
CRUDA1,CENTRAL,RUDA,C1,47069,38900,
CRUDA2,CENTRAL,RUDA,C2,47069,38900,
CRUDA3,CENTRAL,RUDA,C3,47069,38900,
CRUDA4,CENTRAL,RUDA,C4,47069,38900,
CRUDA5,CENTRAL,RUDA,C5,47069,38900,
CRUDA6,CENTRAL,RUDA,C6,47069,38900,
CRUDA7,CENTRAL,RUDA,C7,47069,38900,
CRUDOLF3,CENTRAL,RUDOLF,C3,27709,22900,
CRUDOLF4,CENTRAL,RUDOLF,C4,27709,22900,
CRUDOLF5,CENTRAL,RUDOLF,C5,27709,22900,
CRUDOLF6,CENTRAL,RUDOLF,C6,27709,22900,
CRUNA1,CENTRAL,RUNA,C1,47069,38900,
CRUNA2,CENTRAL,RUNA,C2,47069,38900,
CRUNA3,CENTRAL,RUNA,C3,47069,38900,
CRUNA4,CENTRAL,RUNA,C4,47069,38900,
CRUNA6,CENTRAL,RUNA,C6,47069,38900,
CRUSH1,CENTRAL,RUSH,C1,44649,36900,
CRUSH3,CENTRAL,RUSH,C3,44649,36900,
CRUSH4,CENTRAL,RUSH,C4,44649,36900,
CSAGE1,CENTRAL,SAGE,C1,42229,34900,
CSAGE2,CENTRAL,SAGE,C2,42229,34900,
CSAGE4,CENTRAL,SAGE,C4,42229,34900,
CSAGE5,CENTRAL,SAGE,C5,42229,34900,
CSALENTO1,CENTRAL,SALENTO,C1,36179,29900,
CSALENTO2,CENTRAL,SALENTO,C2,36179,29900,
CSANTIAGO1,CENTRAL,SANTIAGO,C1,27528,22750,
CSANTIAGO5,CENTRAL,SANTIAGO,C5,27528,22750,
CSAO1,CENTRAL,SAO PAULO,C1,26741,22100,
CSAO3,CENTRAL,SAO PAULO,C3,26741,22100,
CSAO4,CENTRAL,SAO PAULO,C4,26741,22100,
CSAO6,CENTRAL,SAO PAULO,C6,26741,22100,
CSAO7,CENTRAL,SAO PAULO,C7,26741,22100,
CSCULPTOR1,CENTRAL,SCULPTOR,C1,27709,22900,
CSCULPTOR3,CENTRAL,SCULPTOR,C3,27709,22900,
CSCULPTOR6,CENTRAL,SCULPTOR,C6,27709,22900,
CSEIYA1,CENTRAL,SEIYA,C1,47069,38900,
CSEIYA2,CENTRAL,SEIYA,C2,47069,38900,
CSEIYA3,CENTRAL,SEIYA,C3,47069,38900,
CSEIYA4,CENTRAL,SEIYA,C4,47069,38900,
CSEIYA5,CENTRAL,SEIYA,C5,47069,38900,
CSELENE1,CENTRAL,SELENE,C1,44649,36900,
CSELENE2,CENTRAL,SELENE,C2,44649,36900,
CSELENE4,CENTRAL,SELENE,C4,44649,36900,
CSEQUOIA1,CENTRAL,SEQUOIA,C1,44649,36900,
CSEQUOIA3,CENTRAL,SEQUOIA,C3,44649,36900,
CSERENITY2,CENTRAL,SERENITY,C2,39325,32500,
CSERENITY4,CENTRAL,SERENITY,C4,39325,32500,
CSERRA1,CENTRAL,SERRA,C1,47069,38900,
CSERRA2,CENTRAL,SERRA,C2,47069,38900,
CSERRA3,CENTRAL,SERRA,C3,47069,38900,
CSERRA4,CENTRAL,SERRA,C4,47069,38900,
CSERRA5,CENTRAL,SERRA,C5,47069,38900,
CSET187,CENTRAL,SET,C187,27709,22900,
CSET188,CENTRAL,SET,C188,27709,22900,
CSET4,CENTRAL,SET,C4,27709,22900,
CSET5,CENTRAL,SET,C5,27709,22900,
CSET95,CENTRAL,SET,C95,27709,22900,
CSEUL1,CENTRAL,SEUL,C1,27709,22900,
CSEUL2,CENTRAL,SEUL,C2,27709,22900,
CSEUL3,CENTRAL,SEUL,C3,27709,22900,
CSEUL5,CENTRAL,SEUL,C5,27709,22900,
CSEUL6,CENTRAL,SEUL,C6,27709,22900,
CSEULH1,CENTRAL,HYPE SEUL,C1,36179,29900,
CSEULH2,CENTRAL,HYPE SEUL,C2,36179,29900,
CSEULH3,CENTRAL,HYPE SEUL,C3,36179,29900,
CSEULH4,CENTRAL,HYPE SEUL,C4,36179,29900,
CSFRANK2,CENTRAL,FRANK SOL,C2,39325,32500,
CSFRANK3,CENTRAL,FRANK SOL,C3,39325,32500,
CSFRANK4,CENTRAL,FRANK SOL,C4,39325,32500,
CSFRANK6,CENTRAL,FRANK SOL,C6,39325,32500,
CSHANGAI1,CENTRAL,SHANGAI,C1,39325,32500,
CSHANGAI2,CENTRAL,SHANGAI,C2,39325,32500,
CSHANGAI3,CENTRAL,SHANGAI,C3,39325,32500,
CSHANGAI5,CENTRAL,SHANGAI,C5,39325,32500,
CSHE1,CENTRAL,SHE,C1,27709,22900,
CSHE2,CENTRAL,SHE,C2,27709,22900,
CSHE5,CENTRAL,SHE,C5,27709,22900,
CSHILL2,CENTRAL,SHILL,C2,27709,22900,
CSHILL4,CENTRAL,SHILL,C4,27709,22900,
CSHIRU1,CENTRAL,SHIRU,C1,47069,38900,
CSHIRU2,CENTRAL,SHIRU,C2,47069,38900,
CSHIRU3,CENTRAL,SHIRU,C3,47069,38900,
CSHIRU4,CENTRAL,SHIRU,C4,47069,38900,
CSHIRU5,CENTRAL,SHIRU,C5,47069,38900,
CSHMUEL1,CENTRAL,SHMUEL,C1,27709,22900,
CSHMUEL2,CENTRAL,SHMUEL,C2,27709,22900,
CSHMUEL3,CENTRAL,SHMUEL,C3,27709,22900,
CSHMUEL4,CENTRAL,SHMUEL,C4,27709,22900,
CSHMUEL5,CENTRAL,SHMUEL,C5,27709,22900,
CSIA1,CENTRAL,SIA,C1,47069,38900,
CSIA2,CENTRAL,SIA,C2,47069,38900,
CSIA4,CENTRAL,SIA,C4,47069,38900,
CSIA5,CENTRAL,SIA,C5,47069,38900,
CSILVERLAKE1,CENTRAL,SILVER-LAKE,C1,27709,22900,
CSILVERLAKE2,CENTRAL,SILVER-LAKE,C2,27709,22900,
CSILVERLAKE4,CENTRAL,SILVER-LAKE,C4,27709,22900,
CSILVERLAKE5,CENTRAL,SILVER-LAKE,C5,27709,22900,
CSINGAPUR1,CENTRAL,SINGAPUR,C1,26741,22100,
CSINGAPUR4,CENTRAL,SINGAPUR,C4,26741,22100,
CSINGAPUR5,CENTRAL,SINGAPUR,C5,26741,22100,
CSINGAPUR8,CENTRAL,SINGAPUR,C8,26741,22100,
CSINGER2,CENTRAL,SINGER,C2,27709,22900,
CSINGER3,CENTRAL,SINGER,C3,27709,22900,
CSINGER5,CENTRAL,SINGER,C5,27709,22900,
CSIREN1,CENTRAL,SIREN,C1,53119,43900,
CSIREN2,CENTRAL,SIREN,C2,53119,43900,
CSIREN4,CENTRAL,SIREN,C4,53119,43900,
CSIROCO1,CENTRAL,SIROCO,C1,47069,38900,
CSIROCO3,CENTRAL,SIROCO,C3,47069,38900,
CSIROCO4,CENTRAL,SIROCO,C4,47069,38900,
CSKY1,CENTRAL,SKY,C1,27709,22900,
CSKY3,CENTRAL,SKY,C3,27709,22900,
CSKY4,CENTRAL,SKY,C4,27709,22900,
CSKY5,CENTRAL,SKY,C5,27709,22900,
CSKY7,CENTRAL,SKY,C7,27709,22900,
CSNAKE1,CENTRAL,SNAKE,C1,47069,38900,
CSNAKE2,CENTRAL,SNAKE,C2,47069,38900,
CSNAKE3,CENTRAL,SNAKE,C3,47069,38900,
CSOFIA1,CENTRAL,SOFIA,C1,26741,22100,
CSOFIA3,CENTRAL,SOFIA,C3,26741,22100,
CSOFIA5,CENTRAL,SOFIA,C5,26741,22100,
CSOHO1,CENTRAL,SOHO,C1,47069,38900,
CSOHO2,CENTRAL,SOHO,C2,47069,38900,
CSOHO3,CENTRAL,SOHO,C3,47069,38900,
CSOHO4,CENTRAL,SOHO,C4,47069,38900,
CSOL1,CENTRAL,SOL,C1,47069,38900,
CSOL2,CENTRAL,SOL,C2,47069,38900,
CSOL3,CENTRAL,SOL,C3,47069,38900,
CSOL5,CENTRAL,SOL,C5,47069,38900,
CSOL6,CENTRAL,SOL,C6,47069,38900,
CSOLARIS1,CENTRAL,SOLARIS,C1,39325,32500,
CSOLARIS2,CENTRAL,SOLARIS,C2,39325,32500,
CSOLI1,CENTRAL,SOLI,C1,47069,38900,
CSOLI2,CENTRAL,SOLI,C2,47069,38900,
CSOLI3,CENTRAL,SOLI,C3,47069,38900,
CSOLI5,CENTRAL,SOLI,C5,47069,38900,
CSOLI6,CENTRAL,SOLI,C6,47069,38900,
CSORENTO1,CENTRAL,SORENTO,C1,22808,18850,
CSORENTO2,CENTRAL,SORENTO,C2,22808,18850,
CSORENTO5,CENTRAL,SORENTO,C5,22808,18850,
CSPACE,CENTRAL,SPACE,,36179,29900,
CSPINE2,CENTRAL,SPINE,C2,47069,38900,
CSPINE6,CENTRAL,SPINE,C6,47069,38900,
CSPINE7,CENTRAL,SPINE,C7,47069,38900,
CSPINE8,CENTRAL,SPINE,C8,47069,38900,
CSPRING2,CENTRAL,SPRING,C2,36179,29900,
CSPRISMA1,CENTRAL,SOL PRISMA,C1,36179,29900,
CSTAR3,CENTRAL,STAR,C3,36179,29900,
CSTARK1,CENTRAL,STARK,C1,42229,34900,
CSTARK2,CENTRAL,STARK,C2,42229,34900,
CSTARK4,CENTRAL,STARK,C4,42229,34900,
CSTARK5,CENTRAL,STARK,C5,42229,34900,
CSTEVEN1,CENTRAL,STEVEN,C1,33759,27900,
CSTEVEN2,CENTRAL,STEVEN,C2,33759,27900,
CSTEVEN3,CENTRAL,STEVEN,C3,33759,27900,
CSTRAT2,CENTRAL,STRAT,C2,27709,22900,
CSTRAT3,CENTRAL,STRAT,C3,27709,22900,
CSTRAT4,CENTRAL,STRAT,C4,27709,22900,
CSTRAT5,CENTRAL,STRAT,C5,27709,22900,
CSTRAY1,CENTRAL,STRAY,C1,51909,42900,
CSTRAY2,CENTRAL,STRAY,C2,51909,42900,
CSTRAY3,CENTRAL,STRAY,C3,51909,42900,
CSTRIKE1,CENTRAL,STRIKE,C1,47069,38900,
CSTRIKE2,CENTRAL,STRIKE,C2,47069,38900,
CSTRIKE5,CENTRAL,STRIKE,C5,47069,38900,
CSTRIPE2,CENTRAL,STRIPE,C2,36179,29900,
CSTRONG1,CENTRAL,STRONG,C1,27709,22900,
CSTRONG2,CENTRAL,STRONG,C2,27709,22900,
CSTRONG3,CENTRAL,STRONG,C3,27709,22900,
CSTRONG4,CENTRAL,STRONG,C4,27709,22900,
CSTRONG5,CENTRAL,STRONG,C5,27709,22900,
CSTYLO11,CENTRAL,STYLO 11,,36179,29900,
CSTYLO3,CENTRAL,STYLO,C3,36179,29900,
CSTYLO4,CENTRAL,STYLO,C4,36179,29900,
CSTYLO5,CENTRAL,STYLO,C5,36179,29900,
CSUCO1,CENTRAL,SUCO,C1,44649,36900,
CSUCO4,CENTRAL,SUCO,C4,44649,36900,
CSUCO5,CENTRAL,SUCO,C5,44649,36900,
CSUMMIT1,CENTRAL,SUMMIT,C1,54329,44900,
CSUMMIT2,CENTRAL,SUMMIT,C2,54329,44900,
CSUMMIT3,CENTRAL,SUMMIT,C3,54329,44900,
CSUN1,CENTRAL,SUN,C1,47069,38900,
CSUN2,CENTRAL,SUN,C2,47069,38900,
CSUN23,CENTRAL,SUN2,C2,42229,34900,
CSUN3,CENTRAL,SUN,C3,47069,38900,
CSUN36,CENTRAL,SUN3,C6,44649,36900,
CSUN4,CENTRAL,SUN,C4,47069,38900,
CSUN48,CENTRAL,SUN4,C8,44649,36900,
CSUN5,CENTRAL,SUN,C5,47069,38900,
CSUN6,CENTRAL,SUN,C6,47069,38900,
CSUN7,CENTRAL,SUN,C7,47069,38900,
CSUN8,CENTRAL,SUN,C8,47069,38900,
CSUNM2,CENTRAL,SUN MINERAL,C2,47069,38900,
CSUNM4,CENTRAL,SUN MINERAL,C4,47069,38900,
CSUNM5,CENTRAL,SUN MINERAL,C5,47069,38900,
CSUNM6,CENTRAL,SUN MINERAL,C6,47069,38900,
CSUNM7,CENTRAL,SUN MINERAL,C7,47069,38900,
CSUNM8,CENTRAL,SUN MINERAL,C8,47069,38900,
CSUNMG15,CENTRAL,SUN MINERAL CG15,,47069,38900,
CSUNNY1,CENTRAL,SUNNY,C1,39325,32500,
CSUNNY4,CENTRAL,SUNNY,C4,39325,32500,
CSUNNY5,CENTRAL,SUNNY,C5,39325,32500,
CSVEN1,CENTRAL,SVEN,C1,44649,36900,
CSVEN2,CENTRAL,SVEN,C2,44649,36900,
CSVEN3,CENTRAL,SVEN,C3,44649,36900,
CSVEN4,CENTRAL,SVEN,C4,44649,36900,
CSVEN5,CENTRAL,SVEN,C5,44649,36900,
CSWITCH1,CENTRAL,SWITCH,C1,55539,45900,
CSWITCH2,CENTRAL,SWITCH,C2,55539,45900,
CSWITCH3,CENTRAL,SWITCH,C3,55539,45900,
CSWITCH5,CENTRAL,SWITCH,C5,55539,45900,
CSWM16,CENTRAL,SWM16,,22808,18850,
CSWOSH1,CENTRAL,SWOSH,C1,33759,27900,
CSWOSH108,CENTRAL,SWOSH,C108,33759,27900,
CSWOSH175,CENTRAL,SWOSH,C175,33759,27900,
CSWOSH188,CENTRAL,SWOSH,C188,33759,27900,
CSWOSH310,CENTRAL,SWOSH,C310,33759,27900,
CSWOSH4,CENTRAL,SWOSH,C4,33759,27900,
CSWOSH5,CENTRAL,SWOSH,C5,33759,27900,
CSYDNEY4,CENTRAL,SYDNEY,C4,22808,18850,
CSYNC1,CENTRAL,SYNC,C1,51909,42900,
CSYNC3,CENTRAL,SYNC,C3,51909,42900,
CSYNC5,CENTRAL,SYNC,C5,51909,42900,
CTATE1,CENTRAL,TATE,C1,47069,38900,
CTATE2,CENTRAL,TATE,C2,47069,38900,
CTATE5,CENTRAL,TATE,C5,47069,38900,
CTEFI3,CENTRAL,TEFI,C3,27709,22900,
CTEFI4,CENTRAL,TEFI,C4,27709,22900,
CTEFI5,CENTRAL,TEFI,C5,27709,22900,
CTEFI6,CENTRAL,TEFI,C6,27709,22900,
CTELAVIV1,CENTRAL,TEL AVIV,C1,51909,42900,
CTELAVIV2,CENTRAL,TEL AVIV,C2,51909,42900,
CTELAVIV3,CENTRAL,TEL AVIV,C3,51909,42900,
CTELAVIV5,CENTRAL,TEL AVIV,C5,51909,42900,
CTEON1,CENTRAL,TEON,C1,47069,38900,
CTEON2,CENTRAL,TEON,C2,47069,38900,
CTEON4,CENTRAL,TEON,C4,47069,38900,
CTERCO1,CENTRAL,TERCO,C1,47069,38900,
CTERCO2,CENTRAL,TERCO,C2,47069,38900,
CTERCO4,CENTRAL,TERCO,C4,47069,38900,
CTERMA1,CENTRAL,TERMA,C1,47069,38900,
CTEVA1,CENTRAL,TEVA,C1,47069,38900,
CTEVA2,CENTRAL,TEVA,C2,47069,38900,
CTEVA4,CENTRAL,TEVA,C4,47069,38900,
CTHEO1,CENTRAL,THEO,C1,33759,27900,
CTHEO2,CENTRAL,THEO,C2,33759,27900,
CTHEO4,CENTRAL,THEO,C4,33759,27900,
CTIBET1,CENTRAL,TIBET,C1,26741,22100,
CTIBET2,CENTRAL,TIBET,C2,26741,22100,
CTIBET4,CENTRAL,TIBET,C4,26741,22100,
CTIBET7,CENTRAL,TIBET,C7,26741,22100,
CTIBET8,CENTRAL,TIBET,C8,26741,22100,
CTIFLIS1,CENTRAL,TIFLIS,C1,39325,32500,
CTIFLIS2,CENTRAL,TIFLIS,C2,39325,32500,
CTIFLIS3,CENTRAL,TIFLIS,C3,39325,32500,
CTIFLIS4,CENTRAL,TIFLIS,C4,39325,32500,
CTIFLIS5,CENTRAL,TIFLIS,C5,39325,32500,
CTINKER2,CENTRAL,TINKER,C2,33759,27900,
CTINKER3,CENTRAL,TINKER,C3,33759,27900,
CTINKER4,CENTRAL,TINKER,C4,33759,27900,
CTITA1,CENTRAL,TITA,C1,36179,29900,
CTITAN1,CENTRAL,TITAN,C1,39325,32500,
CTITAN3,CENTRAL,TITAN,C3,39325,32500,
CTITI2,CENTRAL,TITI,C2,48279,39900,
CTITI4,CENTRAL,TITI,C4,48279,39900,
CTITI5,CENTRAL,TITI,C5,48279,39900,
CTOKYO1,CENTRAL,TOKYO,C1,47069,38900,
CTOKYO10,CENTRAL,TOKYO,C10,47069,38900,
CTOKYO11,CENTRAL,TOKYO,C11,47069,38900,
CTOKYO2,CENTRAL,TOKYO,C2,47069,38900,
CTOKYO3,CENTRAL,TOKYO,C3,47069,38900,
CTOKYO4,CENTRAL,TOKYO,C4,47069,38900,
CTOKYO5,CENTRAL,TOKYO,C5,47069,38900,
CTOKYO6,CENTRAL,TOKYO,C6,47069,38900,
CTOP,CENTRAL,TOP RX,,9184,7590,
CTORNADO2,CENTRAL,TORNADO,C2,33759,27900,
CTORNADO5,CENTRAL,TORNADO,C5,33759,27900,
CTORNADO8,CENTRAL,TORNADO,C8,33759,27900,
CTORONTO1,CENTRAL,TORONTO,C1,44649,36900,
CTR3517,CENTRAL,TR3517,,27709,22900,
CTR3517537,CENTRAL,TR3517,C537,27709,22900,
CTR35175371,CENTRAL,TR3517,C5371,27709,22900,
CTR3517539,CENTRAL,TR3517,C539,27709,22900,
CTRACE1,CENTRAL,TRACE,C1,53119,43900,
CTRACE3,CENTRAL,TRACE,C3,53119,43900,
CTRACE4,CENTRAL,TRACE,C4,53119,43900,
CTRADER1,CENTRAL,TRADER,C1,27709,22900,
CTRADER2,CENTRAL,TRADER,C2,27709,22900,
CTRADER4,CENTRAL,TRADER,C4,27709,22900,
CTRAL1,CENTRAL,TRAL,C1,47069,38900,
CTRAL11,CENTRAL,TRAL,C11,47069,38900,
CTRAL3,CENTRAL,TRAL,C3,47069,38900,
CTRAL4,CENTRAL,TRAL,C4,47069,38900,
CTREGOR1,CENTRAL,TREGOR,C1,47069,38900,
CTREGOR3,CENTRAL,TREGOR,C3,47069,38900,
CTREGOR5,CENTRAL,TREGOR,C5,47069,38900,
CTREND1,CENTRAL,TREND,C1,39325,32500,
CTREND2,CENTRAL,TREND,C2,39325,32500,
CTRIXY1,CENTRAL,TRIXY,C1,33759,27900,
CTRIXY2,CENTRAL,TRIXY,C2,33759,27900,
CTRIXY26,CENTRAL,TRIXY,C26,33759,27900,
CTRIXY28,CENTRAL,TRIXY,C28,33759,27900,
CTRIXY4,CENTRAL,TRIXY,C4,33759,27900,
CTRIXY5,CENTRAL,TRIXY,C5,33759,27900,
CTRIXY536,CENTRAL,TRIXY,C536,33759,27900,
CTRIXY538,CENTRAL,TRIXY,C538,33759,27900,
CTRIXY542,CENTRAL,TRIXY,C542,33759,27900,
CTRIXY638,CENTRAL,TRIXY,C638,33759,27900,
CTRON1,CENTRAL,TRON,C1,42229,34900,
CTRON2,CENTRAL,TRON,C2,42229,34900,
CTRON3,CENTRAL,TRON,C3,42229,34900,
CTROY1,CENTRAL,TROY,C1,51909,42900,
CTROY2,CENTRAL,TROY,C2,51909,42900,
CTRUE6,CENTRAL,TRUE,C6,22808,18850,
CTRUE7,CENTRAL,TRUE,C7,22808,18850,
CTRUENO2,CENTRAL,TRUENO,C2,27709,22900,
CTRUENO5,CENTRAL,TRUENO,C5,27709,22900,
CTRUENO6,CENTRAL,TRUENO,C6,27709,22900,
CTRUMAN1,CENTRAL,TRUMAN,C1,26741,22100,
CTRUMAN2,CENTRAL,TRUMAN,C2,26741,22100,
CTRUMAN4,CENTRAL,TRUMAN,C4,26741,22100,
CTUCKER2,CENTRAL,TUCKER,C2,26499,21900,
CTUCKER3,CENTRAL,TUCKER,C3,26499,21900,
CTUCKER4,CENTRAL,TUCKER,C4,26499,21900,
CTURTLE1,CENTRAL,TURTE,C1,44649,36900,
CTURTLE3,CENTRAL,TURTLE,C3,44649,36900,
CTURTLE5,CENTRAL,TURTLE,C5,44649,36900,
CUNLIMITED1,CENTRAL,UNLIMITED,C1,36179,29900,
CUNLIMITED2,CENTRAL,UNLIMITED,C2,36179,29900,
CUNLIMITED3,CENTRAL,UNLIMITED,C3,36179,29900,
CURBAN1,CENTRAL,URBAN,C1,47069,38900,
CURBAN2,CENTRAL,URBAN,C2,47069,38900,
CURBAN3,CENTRAL,URBAN,C3,47069,38900,
CURBAN5,CENTRAL,URBAN,C5,47069,38900,
CVALE1,CENTRAL,VALE,C1,27709,22900,
CVALE2,CENTRAL,VALE,C2,27709,22900,
CVALE3,CENTRAL,VALE,C3,27709,22900,
CVALE310,CENTRAL,VALE,C310,27709,22900,
CVALE311,CENTRAL,VALE,C311,27709,22900,
CVALE312,CENTRAL,VALE,C312,27709,22900,
CVALE4,CENTRAL,VALE,C4,27709,22900,
CVALE5,CENTRAL,VALE,C5,27709,22900,
CVALLEY1,CENTRAL,VALLEY,C1,27709,22900,
CVALLEY2,CENTRAL,VALLEY,C2,27709,22900,
CVALLEY3,CENTRAL,VALLEY,C3,27709,22900,
CVALLEY5,CENTRAL,VALLEY,C5,27709,22900,
CVANGUARDIA1,CENTRAL,VANGUARDIA,C1,36179,29900,
CVANGUARDIA2,CENTRAL,VANGUARDIA,C2,36179,29900,
CVANTA1,CENTRAL,VANTA,C1,47069,38900,
CVANTA2,CENTRAL,VANTA,C2,47069,38900,
CVANTA3,CENTRAL,VANTA,C3,47069,38900,
CVANTA4,CENTRAL,VANTA,C4,47069,38900,
CVEGA1,CENTRAL,VEGA,C1,47069,38900,
CVEGA3,CENTRAL,VEGA,C3,47069,38900,
CVEGA5,CENTRAL,VEGA,C5,47069,38900,
CVELA1,CENTRAL,VELA,C1,47069,38900,
CVELA2,CENTRAL,VELA,C2,47069,38900,
CVELA3,CENTRAL,VELA,C3,47069,38900,
CVELVET1,CENTRAL,VELVET,C1,47069,38900,
CVELVET101,CENTRAL,VELVET,C101,47069,38900,
CVELVET137,CENTRAL,VELVET,C137,47069,38900,
CVELVET37,CENTRAL,VELVET,C37,47069,38900,
CVENICE1,CENTRAL,VENICE,C1,27709,22900,
CVENICE2,CENTRAL,VENICE,C2,27709,22900,
CVENICE3,CENTRAL,VENICE,C3,27709,22900,
CVENICE5,CENTRAL,VENICE,C5,27709,22900,
CVERMELI1,CENTRAL,VERMELI,C1,51909,42900,
CVERMELI2,CENTRAL,VERMELI,C2,51909,42900,
CVERMELI3,CENTRAL,VERMELI,C3,51909,42900,
CVERONA4,CENTRAL,VERONA,C4,36179,29900,
CVIENA1,CENTRAL,VIENA,C1,27709,22900,
CVIENA2,CENTRAL,VIENA,C2,27709,22900,
CVIENA4,CENTRAL,VIENA,C4,27709,22900,
CVIENA5,CENTRAL,VIENA,C5,27709,22900,
CVIENA6,CENTRAL,VIENA,C6,27709,22900,
CVIENASOL1,CENTRAL,VIENA SOL,C1,37389,30900,
CVIENASOL2,CENTRAL,VIENA SOL,C2,37389,30900,
CVIENASOL3,CENTRAL,VIENA SOL,C3,37389,30900,
CVINCENT1,CENTRAL,VINCENT,C1,27709,22900,
CVINCENT4,CENTRAL,VINCENT,C4,27709,22900,
CVINCENT5,CENTRAL,VINCENT,C5,27709,22900,
CVINCENT6,CENTRAL,VINCENT,C6,27709,22900,
CVIPER3,CENTRAL,VIPER,C3,27528,22750,
CVIPER4,CENTRAL,VIPER,C4,27528,22750,
CVIPER5,CENTRAL,VIPER,C5,27528,22750,
CVIRO2,CENTRAL,VIRO,C2,42229,34900,
CVIRO3,CENTRAL,VIRO,C3,42229,34900,
CVOID1,CENTRAL,VOID,C1,44649,36900,
CVOID2,CENTRAL,VOID,C2,44649,36900,
CVOID3,CENTRAL,VOID,C3,44649,36900,
CVOID5,CENTRAL,VOID,C5,44649,36900,
CVYCE1,CENTRAL,VYCE,C1,47069,38900,
CVYCE3,CENTRAL,VYCE,C3,47069,38900,
CVYCE4,CENTRAL,VYCE,C4,47069,38900,
CWAGGA1,CENTRAL,WAGGA,C1,36179,29900,
CWAGGA2,CENTRAL,WAGGA,C2,36179,29900,
CWAGGA3,CENTRAL,WAGGA,C3,36179,29900,
CWATFORD1,CENTRAL,WATFORD,C1,22808,18850,
CWATFORD3,CENTRAL,WATFORD,C3,22808,18850,
CWATFORD5,CENTRAL,WATFORD,C5,22808,18850,
CWAVES,CENTRAL,WAVES,,36179,29900,
CWAVES1,CENTRAL,WAVES,C1,36179,29900,
CWHEELS2,CENTRAL,WHEELS,C2,47069,38900,
CWHEELS3,CENTRAL,WHEELS,C3,47069,38900,
CWHEELS5,CENTRAL,WHEELS,C5,47069,38900,
CWILD15,CENTRAL,WILD,C15,47069,38900,
CWILD2,CENTRAL,WILD,C2,47069,38900,
CWILD3,CENTRAL,WILD,C3,47069,38900,
CWILD4,CENTRAL,WILD,C4,47069,38900,
CWILD5,CENTRAL,WILD,C5,47069,38900,
CWILD6,CENTRAL,WILD,C6,47069,38900,
CWILD8,CENTRAL,WILD,C8,47069,38900,
CWINNY1,CENTRAL,WINNY,C1,27709,22900,
CWINNY2,CENTRAL,WINNY,C2,27709,22900,
CWINNY3,CENTRAL,WINNY,C3,27709,22900,
CWINNY4,CENTRAL,WINNY,C4,27709,22900,
CWINNY5,CENTRAL,WINNY,C5,27709,22900,
CWRITER1,CENTRAL,WRITER,C1,27709,22900,
CWRITER4,CENTRAL,WRITER,C4,27709,22900,
CWRITER5,CENTRAL,WRITER,C5,27709,22900,
CWYNWOOD3,CENTRAL,WYNWOOD,C3,47069,38900,
CWYNWOOD4,CENTRAL,WYNWOOD,C4,47069,38900,
CWYOMING1,CENTRAL,WYOMING,C1,48279,39900,
CWYOMING2,CENTRAL,WYOMING,C2,48279,39900,
CWYOMING3,CENTRAL,WYOMING,C3,48279,39900,
CWYOMING5,CENTRAL,WYOMING,C5,48279,39900,
CXIRO1,CENTRAL,XIRO,C1,47069,38900,
CXIRO3,CENTRAL,XIRO,C3,47069,38900,
CXIRO5,CENTRAL,XIRO,C5,47069,38900,
CYANO1,CENTRAL,YANO,C1,47069,38900,
CYANO2,CENTRAL,YANO,C2,47069,38900,
CYANO4,CENTRAL,YANO,C4,47069,38900,
CYANO5,CENTRAL,YANO,C5,47069,38900,
CYANO6,CENTRAL,YANO,C6,47069,38900,
CYARA1,CENTRAL,YARA,C1,47069,38900,
CYARA2,CENTRAL,YARA,C2,47069,38900,
CYARA5,CENTRAL,YARA,C5,47069,38900,
CYAREX2,CENTRAL,YAREX,C2,47069,38900,
CYAREX3,CENTRAL,YAREX,C3,47069,38900,
CYAREX5,CENTRAL,YAREX,C5,47069,38900,
CYEDI1,CENTRAL,YEDI,C1,51909,42900,
CYEDI2,CENTRAL,YEDI,C2,51909,42900,
CYEDI3,CENTRAL,YEDI,C3,51909,42900,
CYEDI4,CENTRAL,YEDI,C4,51909,42900,
CYEDI5,CENTRAL,YEDI,C5,51909,42900,
CYEPI1,CENTRAL,YEPI,C1,47069,38900,
CYEPI3,CENTRAL,YEPI,C3,47069,38900,
CYEPI4,CENTRAL,YEPI,C4,47069,38900,
CYEPI5,CENTRAL,YEPI,C5,47069,38900,
CYOKO1,CENTRAL,YOKO,C1,42229,34900,
CYOKO2,CENTRAL,YOKO,C2,42229,34900,
CYOKO3,CENTRAL,YOKO,C3,42229,34900,
CYOKO5,CENTRAL,YOKO,C5,42229,34900,
CYOLO1,CENTRAL,YOLO,C1,33759,27900,
CYOLO2,CENTRAL,YOLO,C2,33759,27900,
CYOLO3,CENTRAL,YOLO,C3,33759,27900,
CYOLO4,CENTRAL,YOLO,C4,33759,27900,
CYORE1,CENTRAL,YORE,C1,47069,38900,
CYORE2,CENTRAL,YORE,C2,47069,38900,
CYORE3,CENTRAL,YORE,C3,47069,38900,
CYORE4,CENTRAL,YORE,C4,47069,38900,
CYOUNG2,CENTRAL,YOUNG,C2,27709,22900,
CYOUNG3,CENTRAL,YOUNG,C3,27709,22900,
CYOUNG5,CENTRAL,YOUNG,C5,27709,22900,
CZANE1,CENTRAL,ZANE,C1,47069,38900,
CZARA1,CENTRAL,ZARA,C1,47069,38900,
CZARA2,CENTRAL,ZARA,C2,47069,38900,
CZARA3,CENTRAL,ZARA,C3,47069,38900,
CZARA5,CENTRAL,ZARA,C5,47069,38900,
CZARAGOZA1,CENTRAL,ZARAGOZA,C1,33759,27900,
CZARAGOZA2,CENTRAL,ZARAGOZA,C2,33759,27900,
CZASU1,CENTRAL,ZASU,C1,47069,38900,
CZASU2,CENTRAL,ZASU,C2,47069,38900,
CZASU3,CENTRAL,ZASU,C3,47069,38900,
CZASU5,CENTRAL,ZASU,C5,47069,38900,
CZASU6,CENTRAL,ZASU,C6,47069,38900,
CZASU7,CENTRAL,ZASU,C7,47069,38900,
CZAYA1,CENTRAL,ZAYA,C1,42229,34900,
CZAYA2,CENTRAL,ZAYA,C2,42229,34900,
CZAYA3,CENTRAL,ZAYA,C3,42229,34900,
CZAYA5,CENTRAL,ZAYA,C5,42229,34900,
CZEN1,CENTRAL,ZEN,C1,47069,38900,
CZEN4,CENTRAL,ZEN,C4,47069,38900,
CZEN5,CENTRAL,ZEN,C5,47069,38900,
CZENIT1,CENTRAL,ZENIT,C1,47069,38900,
CZENIT2,CENTRAL,ZENIT,C2,47069,38900,
CZENIT6,CENTRAL,ZENIT,C6,47069,38900,
CZENT3,CENTRAL,ZENT,C3,47069,38900,
CZENT4,CENTRAL,ZENT,C4,47069,38900,
CZENT5,CENTRAL,ZENT,C5,47069,38900,
CZENT6,CENTRAL,ZENT,C6,47069,38900,
CZENT7,CENTRAL,ZENT,C7,47069,38900,
CZENT8,CENTRAL,ZENT,C8,47069,38900,
CZENTRI1,CENTRAL,ZENTRI,C1,47069,38900,
CZENTRI2,CENTRAL,ZENTRI,C2,47069,38900,
CZENTRI3,CENTRAL,ZENTRI,C3,47069,38900,
CZION1,CENTRAL,ZION,C1,47069,38900,
CZION2,CENTRAL,ZION,C2,47069,38900,
CZION4,CENTRAL,ZION,C4,47069,38900,
CZION5,CENTRAL,ZION,C5,47069,38900,
CZORA1,CENTRAL,ZORA,C1,47069,38900,
CZORA3,CENTRAL,ZORA,C3,47069,38900,
CZORA4,CENTRAL,ZORA,C4,47069,38900,
CZORA5,CENTRAL,ZORA,C5,47069,38900,
CZURICH1,CENTRAL,ZURICH,C1,33759,27900,
CZURICH3,CENTRAL,ZURICH,C3,33759,27900,
CZURICH4,CENTRAL,ZURICH,C4,33759,27900,
ERX,ETERNA,RX,,2650,2190,
EST RECTANGULAR AZUL,VARIOS,ESTUCHE RECTANGULAR AZUL,,7248,5990,
EST RECTANGULAR GRIS,VARIOS,ESTUCHE RECTANGULAR GRIS,,3697,3056,
EST RECTANGULAR NEGRO,VARIOS,ESTUCHE RECTANGULAR NEGRO,,3697,3056,
EST REDONDEADO AZUL,VARIOS,ESTUCHE REDONDEADO AZUL,,3697,3056,
EST REDONDEADO ROJO,VARIOS,ESTUCHE REDONDEADO ROJO,,3697,3056,
GABIGAIL C4,GINA,ABIGAIL,C4,9668,7990,
GAHAVA1,GINA,AHAVA,C1,9668,7990,
GAHAVA2,GINA,AHAVA,C2,9668,7990,
GAHAVA3,GINA,AHAVA,C3,9668,7990,
GAHAVA5,GINA,AHAVA,C5,9668,7990,
GALINA1,GINA,ALINA,C1,9668,7990,
GALINA2,GINA,ALINA,C2,9668,7990,
GALINA5,GINA,ALINA,C5,9668,7990,
GALINA7,GINA,ALINA,C7,9668,7990,
GBATIA3,GINA,BATIA,C3,36179,29900,
GBATIA5,GINA,BATIA,C5,36179,29900,
GBATSHEVA3,GINA,BATSHEVA,C3,9668,7990,
GBATSHEVA4,GINA,BATSHEVA,C4,9668,7990,
GBATSHEVA5,GINA,BATSHEVA,C5,9668,7990,
GBRAJA2,GINA,BRAJA,C2,9668,7990,
GDEBORA1,GINA,DEBORA,C1,9668,7990,
GDEBORA2,GINA,DEBORA,C2,9668,7990,
GDEBORA3,GINA,DEBORA,C3,9668,7990,
GDIANA1,GINA,DIANA,C1,9668,7990,
GDIANA2,GINA,DIANA,C2,9668,7990,
GDIANA4,GINA,DIANA,C4,9668,7990,
GDORA3,GINA,DORA,C3,9668,7990,
GDORA4,GINA,DORA,C4,9668,7990,
GELAZAR1,GINA,ELAZAR,C1,9668,7990,
GELAZAR2,GINA,ELAZAR,C2,9668,7990,
GELAZAR3,GINA,ELAZAR,C3,9668,7990,
GEMILY,GINA,EMILY,,9668,7990,
GESTHER,GINA,ESTHER,,9668,7990,
GEVA,GINA,EVA,,9668,7990,
GEVA1,GINA,EVA,C1,9668,7990,
GEVA2,GINA,EVA,C2,9668,7990,
GEVA3,GINA,EVA,C3,9668,7990,
GGLORIA1,GINA,GLORIA,C1,9668,7990,
GHADASSA1,GINA,HADASSA,C1,9668,7990,
GHADASSA2,GINA,HADASSA,C2,9668,7990,
GHADASSA3,GINA,HADASSA,C3,9668,7990,
GHADASSA4,GINA,HADASSA,C4,9668,7990,
GHADASSA5,GINA,HADASSA,C5,9668,7990,
GJACK1,GINA,JACK,C1,36179,29900,
GJACK2,GINA,JACK,C2,36179,29900,
GJACK4,GINA,JACK,C4,36179,29900,
GJAIA1,GINA,JAIA,C1,34969,28900,
GJAIA2,GINA,JAIA,C2,34969,28900,
GJAIA5,GINA,JAIA,C5,34969,28900,
GJAIA6,GINA,JAIA,C6,34969,28900,
GJAIA7,GINA,JAIA,C7,34969,28900,
GKALA4,GINA,KALA,C4,9668,7990,
GKALA5,GINA,KALA,C5,9668,7990,
GLEAH1,GINA,LEAH,C1,34969,28900,
GLEAH2,GINA,LEAH,C2,34969,28900,
GLEAH3,GINA,LEAH,C3,34969,28900,
GLEAH6,GINA,LEAH,C6,34969,28900,
GLEAH7,GINA,LEAH,C7,34969,28900,
GLILA1,GINA,LILA,C1,36179,29900,
GLILA4,GINA,LILA,C4,36179,29900,
GLISA3,GINA,LISA,C3,9668,7990,
GMARGOT1,GINA,MARGOT,C1,9668,7990,
GRAJEL2,GINA,RAJEL,C2,9668,7990,
GRAJEL3,GINA,RAJEL,C3,9668,7990,
GRAJEL4,GINA,RAJEL,C4,9668,7990,
GRITA1,GINA,RITA,C1,9668,7990,
GRITA2,GINA,RITA,C2,9668,7990,
GRITA5,GINA,RITA,C5,9668,7990,
GRIVKA1,GINA,RIVKA,C1,9668,7990,
GRIVKA2,GINA,RIVKA,C2,9668,7990,
GRIVKA3,GINA,RIVKA,C3,9668,7990,
GRIVKA4,GINA,RIVKA,C4,9668,7990,
GRIVKA5,GINA,RIVKA,C5,9668,7990,
GRIVKA7,GINA,RIVKA,C7,9668,7990,
GSARA1,GINA,SARA,C1,36179,29900,
GSARA2,GINA,SARA,C2,36179,29900,
GSARA3,GINA,SARA,C3,36179,29900,
GSEFORAH4,GINA,SEFORAH,C4,9668,7990,
GTAMAR1,GINA,TAMAR,C1,9668,7990,
GTAMAR2,GINA,TAMAR,C2,9668,7990,
GTAMAR4,GINA,TAMAR,C4,9668,7990,
GTZIPORA1,GINA,TZIPORA,C1,9668,7990,
GTZIPORA2,GINA,TZIPORA,C2,9668,7990,
GTZIPORA3,GINA,TZIPORA,C3,9668,7990,
GTZIPORA5,GINA,TZIPORA,C5,9668,7990,
GTZIPORA6,GINA,TZIPORA,C6,9668,7990,
GTZIPORA7,GINA,TZIPORA,C7,9668,7990,
GZOE1,GINA,ZOE,C1,9668,7990,
GZOE2,GINA,ZOE,C2,9668,7990,
GZOE4,GINA,ZOE,C4,9668,7990,
HAMATISTA 6,HARPER,AMATISTA,C6,84700,70000,
HAMATISTA10,HARPER,AMATISTA,C10,84700,70000,
HAMATISTA7,HARPER,AMATISTA,C7,84700,70000,
HCITRINO6,HARPER,CITRINO,C6,84700,70000,
HCITRINO7,HARPER,CITRINO,C7,84700,70000,
HCITRINO8,HARPER,CITRINO,C8,84700,70000,
HCITRINO9,HARPER,CITRINO,C9,84700,70000,
HCUARZO7,HARPER,CUARZO,C7,84700,70000,
HCUARZO9,HARPER,CUARZO,C9,84700,70000,
HOBSIDIANA10,HARPER,OBSIDIANA,C10,84700,70000,
HOBSIDIANA6,HARPER,OBSIDIANA,C6,84700,70000,
HOBSIDIANA9,HARPER,OBSIDIANA,C9,84700,70000,
JADIR1,JORDAN,ADIR,C1,42229,34900,
JALE,JORDAN,ALE,,6534,5400,
JALEX,JORDAN,ALEX,,7139,5900,
JAMIT1,JORDAN,AMIT,C1,42229,34900,
JAMIT2,JORDAN,AMIT,C2,42229,34900,
JANIK1,JORDAN,ANIK,C1,42229,34900,
JANIK2,JORDAN,ANIK,C2,42229,34900,
JAPACHE2,JORDAN,APACHE,C2,42229,34900,
JAPACHE3,JORDAN,APACHE,C3,42229,34900,
JAPACHE4,JORDAN,APACHE,C4,42229,34900,
JBENJA,JORDAN,BENJA,,36900,30496,
JBENJA1,JORDAN,BENJA,C1,6534,5400,
JBENSI,JORDAN,BENSI,,6534,5400,
JBETO1,JORDAN,BETO,C1,42229,34900,
JBETO2,JORDAN,BETO,C2,42229,34900,
JBOBY,JORDAN,BOBY,,7139,5900,
JBOBY2,JORDAN,BOBY,C2,7139,5900,
JBOBY3,JORDAN,BOBY,C3,7139,5900,
JBOBY4,JORDAN,BOBY,C4,7139,5900,
JBOCHA,JORDAN,BOCHA,,16819,13900,
JBOMBA,JORDAN,BOMBA,,6534,5400,
JBONY,JORDAN,BONY,,6534,5400,
JBORIS,JORDAN,BORIS,,6534,5400,
JBORIS3,JORDAN,BORIS,C3,6534,5400,
JBORIS4,JORDAN,BORIS,C4,6534,5400,
JBORIS5,JORDAN,BORIS,C5,6534,5400,
JBRADY3,JORDAN,BRADY,C3,42229,34900,
JBRADY4,JORDAN,BRADY,C4,42229,34900,
JBRADY5,JORDAN,BRADY,C5,42229,34900,
JBRAIAN,JORDAN,BRAIAN,,6534,5400,
JBRANDY,JORDAN,BRANDY,,6534,5400,
JBRANDY3,JORDAN,BRANDY,C3,6534,5400,
JBRANDY4,JORDAN,BRANDY,C4,6534,5400,
JBRANDY5,JORDAN,BRANDY,C5,6534,5400,
JBRAVO,JORDAN,BRAVO,,16819,13900,
JBRINCO3,JORDAN,BRINCO,C3,47069,38900,
JBRINCO4,JORDAN,BRINCO,C4,47069,38900,
JBRINCO5,JORDAN,BRINCO,C5,47069,38900,
JBRONCO,JORDAN,BRONCO,,46874,38739,
JBRONCO3,JORDAN,BRONCO,C3,46874,38739,
JBRONCO4,JORDAN,BRONCO,C4,46874,38739,
JBRONCO5,JORDAN,BRONCO,C5,46874,38739,
JBRUNO,JORDAN,BRUNO,,6534,5400,
JBRUNO2,JORDAN,BRUNO,C2,6534,5400,
JBRUNO3,JORDAN,BRUNO,C3,6534,5400,
JBRUNO4,JORDAN,BRUNO,C4,6534,5400,
JBRUNO5,JORDAN,BRUNO,C5,6534,5400,
JBUDY,JORDAN,BUDY,,6534,5400,
JCAROL,JORDAN,CAROL,,6534,5400,
JCAROL1,JORDAN,CAROL,C1,6534,5400,
JCAROL2,JORDAN,CAROL,C2,6534,5400,
JCHARLY,JORDAN,CHARLY,,6534,5400,
JCHOLO,JORDAN,CHOLO,,16819,13900,
JCLINT,JORDAN,CLINT,,6534,5400,
JCOCO,JORDAN,COCO,,6534,5400,
JDAG1,JORDAN,DAG,C1,42229,34900,
JDAN,JORDAN,DAN,,6534,5400,
JDAVO,JORDAN,DAVO,,6534,5400,
JDERBY,JORDAN,DERBY,,6534,5400,
JDRAGON,JORDAN,DRAGON,,7139,5900,
JDUBI,JORDAN,DUBI,,6534,5400,
JDURO,JORDAN,DURO,,6534,5400,
JEDIE,JORDAN,EDIE,,6534,5400,
JENRI4,JORDAN,ENRI,C4,42229,34900,
JENRI5,JORDAN,ENRI,C5,42229,34900,
JENZO,JORDAN,ENZO,,6534,5400,
JERIK,JORDAN,ERIK,,6534,5400,
JFAUSTO,JORDAN,FAUSTO,,6534,5400,
JFLY,JORDAN,FLY,,6534,5400,
JFREDY,JORDAN,FREDY,,6534,5400,
JFRENCH,JORDAN,FRENCH,,16819,13900,
JFURIA,JORDAN,FURIA,,6534,5400,
JGINO,JORDAN,GINO,,6534,5400,
JHARU,JORDAN,HARU,,6534,5400,
JHENRY1,JORDAN,HENRY,C1,42229,34900,
JHENRY3,JORDAN,HENRY,C3,42229,34900,
JHENRY4,JORDAN,HENRY,C4,42229,34900,
JHENRY5,JORDAN,HENRY,C5,42229,34900,
JINDIO,JORDAN,INDIO,,16819,13900,
JIVAN,JORDAN,IVAN,,6534,5400,
JJAMES,JORDAN,JAMES,,6534,5400,
JJAMES1,JORDAN,JAMES,C1,6534,5400,
JJAMES3,JORDAN,JAMES,C3,6534,5400,
JJAMES4,JORDAN,JAMES,C4,6534,5400,
JJARET4,JORDAN,JARET,C4,36900,30496,
JJIMMY,JORDAN,JIMMY,,46874,38739,
JJIMMY3,JORDAN,JIMMY,C3,46874,38739,
JJIMMY4,JORDAN,JIMMY,C4,46874,38739,
JJIMMY5,JORDAN,JIMMY,C5,46874,38739,
JJOHN,JORDAN,JOHN,,46874,38739,
JJOHN3,JORDAN,JOHN,C3,46874,38739,
JJOHN4,JORDAN,JOHN,C4,46874,38739,
JJOHN5,JORDAN,JOHN,C5,46874,38739,
JJONASS,JORDAN,JONAS,,6534,5400,
JJONY,JORDAN,JONY,,6534,5400,
JJUST,JORDAN,JUST,,6534,5400,
JKAISER,JORDAN,KAISER,,6534,5400,
JKFIR1,JORDAN,KFIR,C1,42229,34900,
JKFIR2,JORDAN,KFIR,C2,42229,34900,
JKING,JORDAN,KING,,46874,38739,
JKING3,JORDAN,KING,C3,46874,38739,
JKING4,JORDAN,KING,C4,46874,38739,
JKING5,JORDAN,KING,C5,46874,38739,
JLATINO,JORDAN,LATINO,,6534,5400,
JLEO1,JORDAN,LEO,C1,42229,34900,
JLEO2,JORDAN,LEO,C2,42229,34900,
JLOBO,JORDAN,LOBO,,16819,13900,
JLUCAS,JORDAN,LUCAS,,46874,38739,
JLUCAS1,JORDAN,LUCAS,C1,46874,38739,
JLUCAS3,JORDAN,LUCAS,C3,46874,38739,
JLUCAS4,JORDAN,LUCAS,C4,46874,38739,
JMARISCAL,JORDAN,MARISCAL,,16819,13900,
JMARTIN,JORDAN,MARTIN,,6534,5400,
JMASTER3,JORDAN,MASTER,C3,42229,34900,
JMASTER4,JORDAN,MASTER,C4,42229,34900,
JMASTER5,JORDAN,MASTER,C5,42229,34900,
JMATADOR,JORDAN,MATADOR,,16819,13900,
JMAX,JORDAN,MAX,,16819,13900,
JMAX5,JORDAN,MAX,C5,16819,13900,
JMILO,JORDAN,MILO,,6534,5400,
JMISHA,JORDAN,MISHA,,46874,38739,
JMISHA3,JORDAN,MISHA,C3,46874,38739,
JMISHA4,JORDAN,MISHA,C4,6534,5400,
JNICK,JORDAN,NICK,,6534,5400,
JNICK1,JORDAN,NICK,C1,6534,5400,
JNICK2,JORDAN,NICK,C2,42229,34900,
JNINO,JORDAN,NINO,,7139,5900,
JNOAH,JORDAN,NOAH,,46874,38739,
JNOAH3,JORDAN,NOAH,C3,46874,38739,
JNOAH4,JORDAN,NOAH,C4,46874,38739,
JNURI,JORDAN,NURI,,6534,5400,
JOLIVER1,JORDAN,OLIVER,C1,6534,5400,
JOLIVER3,JORDAN,OLIVER,C3,6534,5400,
JOLIVER4,JORDAN,OLIVER,C4,42229,34900,
JORON1,JORDAN,ORON,C1,46874,38739,
JPAUL2,JORDAN,PAUL,C2,7139,5900,
JPAUL3,JORDAN,PAUL,C3,7139,5900,
JPAUL4,JORDAN,PAUL,C4,7139,5900,
JPHIL,JORDAN,PHIL,,7139,5900,
JPICU,JORDAN,PICU,,6534,5400,
JPICU3,JORDAN,PICU,C3,6534,5400,
JPICU4,JORDAN,PICU,C4,6534,5400,
JPIN,JORDAN,PIN,,16819,13900,
JPINO,JORDAN,PINO,,6534,5400,
JPINO1,JORDAN,PINO,C1,42229,34900,
JPINO2,JORDAN,PINO,C2,42229,34900,
JPOLI,JORDAN,POLI,,6534,5400,
JPOTRO,JORDAN,POTRO,,6534,5400,
JPULGA1,JORDAN,PULGA,C1,6534,5400,
JPULGA3,JORDAN,PULGA,C3,6534,5400,
JPULGA4,JORDAN,PULGA,C4,6534,5400,
JREO,JORDAN,REO,,6534,5400,
JREVO,JORDAN,REVO,,6534,5400,
JRINGO,JORDAN,RINGO,,6534,5400,
JROBIN,JORDAN,ROBIN,,16819,13900,
JROBIN1,JORDAN,ROBIN,C1,16819,13900,
JRONY,JORDAN,RONY,,6534,5400,
JRUBY,JORDAN,RUBY,,6534,5400,
JSAETA,JORDAN,SAETA,,16819,13900,
JSAHAR1,JORDAN,SAHAR,C1,6534,5400,
JSAM,JORDAN,SAM,,6534,5400,
JSANDY4,JORDAN,SANDY,C4,47069,38900,
JSANDY5,JORDAN,SANDY,C5,47069,38900,
JSHIRY1,JORDAN,SHIRY,C1,36900,30496,
JSHIRY2,JORDAN,SHIRY,C2,6534,5400,
JSURF,JORDAN,SURF,,6534,5400,
JSURF5,JORDAN,SURF,C5,6534,5400,
JSURP3,JORDAN,SURP,C3,6534,5400,
JTOM1,JORDAN,TOM,C1,47069,38900,
JTOM4,JORDAN,TOM,C4,47069,38900,
JTOM5,JORDAN,TOM,C5,47069,38900,
JTONY,JORDAN,TONY,,6534,5400,
JTOTI,JORDAN,TOTI,,6534,5400,
JTRUENO,JORDAN,TRUENO,,6534,5400,
JVEO2,JORDAN,VEO,C2,42229,34900,
JWINNER,JORDAN,WINNER,,6534,5400,
JYIM,JORDAN,YIM,,6534,5400,
JYIN1,JORDAN,YIN,C1,6534,5400,
JYUVAL1,JORDAN,YUVAL1,,42229,34900,
JYUVAL2,JORDAN,YUVAL2,,42229,34900,
MR10,MARCO ROSETTI,10,,7018,5800,
MR10037,MARCO ROSETTI,10037,,7018,5800,
MR10038,MARCO ROSETTI,10038,,7018,5800,
MR10044,MARCO ROSETTI,10044,,7018,5800,
MR10050,MARCO ROSETTI,10050,,7018,5800,
MR105,MARCO ROSETTI,105,,7018,5800,
MR1060,MARCO ROSETTI,1060,,7018,5800,
MR109,MARCO ROSETTI,109,,7018,5800,
MR112,MARCO ROSETTI,112,,7018,5800,
MR113,MARCO ROSETTI,113,,7018,5800,
MR115,MARCO ROSETTI,115,,7018,5800,
MR122,MARCO ROSETTI,122,,7018,5800,
MR1552,MARCO ROSETTI,1552,,7018,5800,
MR1697,MARCO ROSETTI,1697,,7018,5800,
MR2002,MARCO ROSETTI,2002,,7018,5800,
MR2017,MARCO ROSETTI,2017,,7018,5800,
MR2023,MARCO ROSETTI,2023,,7018,5800,
MR2100,MARCO ROSETTI,2100,,3981,3290,
MR2205,MARCO ROSETTI,MARCO ROSSETTI 2205,,7018,5800,
MR2206,MARCO ROSETTI,2206,,7018,5800,
MR2208,MARCO ROSETTI,2208,,7018,5800,
MR2217,MARCO ROSETTI,2217,,7018,5800,
MR2218,MARCO ROSETTI,2218,,7018,5800,
MR2219,MARCO ROSETTI,2219,,7018,5800,
MR2221,MARCO ROSETTI,2221,,7018,5800,
MR2222,MARCO ROSETTI,2222,,7018,5800,
MR2225,MARCO ROSETTI,2225,,7018,5800,
MR2226,MARCO ROSETTI,2226,,7018,5800,
MR2228,MARCO ROSETTI,2228,,7018,5800,
MR2229,ALBERTA FERRETTI,MARCO ROSETTI 2229,,7018,5800,
MR2230,MARCO ROSETTI,2230,,7018,5800,
MR2231,MARCO ROSETTI,2231,,7018,5800,
MR2232,MARCO ROSETTI,2232,,7018,5800,
MR3002,MARCO ROSETTI,3002,,3981,3290,
MR3028,MARCO ROSETTI,3028,,7018,5800,
MR4015,MARCO ROSETTI,MARCO ROSSETTI 4015,,7018,5800,
MR4018,MARCO ROSETTI,MARCO ROSSETTI 4018,,7018,5800,
MR4025,MARCO ROSETTI,4025,,7018,5800,
MR4040,MARCO ROSETTI,4040,,7018,5800,
MR4041,MARCO ROSETTI,4041,,7018,5800,
MR4042,MARCO ROSETTI,4042,,7018,5800,
MR4043,MARCO ROSETTI,4043,,7018,5800,
MR4046,MARCO ROSETTI,4046,,7018,5800,
MR4047,MARCO ROSETTI,MARCO ROSSETTI 4047,,7018,5800,
MR4049,MARCO ROSETTI,4049,,7018,5800,
MR4050,MARCO ROSETTI,4050,,7018,5800,
MR4051,MARCO ROSETTI,4051,,7018,5800,
MR5,MARCO ROSETTI,5,,7018,5800,
MR6,MARCO ROSETTI,6,,7018,5800,
MR7036,MARCO ROSETTI,7036,,7018,5800,
MR7304,MARCO ROSETTI,7304,,7018,5800,
MR7307,MARCO ROSETTI,7307,,3981,3290,
MR8031,MARCO ROSETTI,8031,,7018,5800,
MRB41,MARCO ROSETTI,B41,,7018,5800,
MRB42,MARCO ROSETTI,B42,,7018,5800,
MRB44,MARCO ROSETTI,B44,,7018,5800,
MRB47,MARCO ROSETTI,B47,,7018,5800,
MRB48,MARCO ROSETTI,B48,,7018,5800,
MRB51,MARCO ROSETTI,B51,,7018,5800,
MRB52,MARCO ROSETTI,B52,,7018,5800,
MRBO11052,MARCO ROSETTI,BO11052,,7018,5800,
MRBO11058,MARCO ROSETTI,BO11058,,7018,5800,
MRBW04,MARCO ROSETTI,MARCO ROSSETTI BW04,,7018,5800,
MRE7312,MARCO ROSETTI,MARCO ROSSETTI E7312,,7018,5800,
MRJ8026,MARCO ROSETTI,J8026,,7018,5800,
MRJ8027,MARCO ROSETTI,J8027,,7018,5800,
MRJ8031,MARCO ROSETTI,J8031,,7018,5800,
MRJ8033,MARCO ROSETTI,J8033,,7018,5800,
MRX,MARCO ROSETTI,MARCO ROSSETTI RX,,7018,5800,
PATAGONIA,PATAGONIA,INYECTADO,,1089,900,
PATR90,CENTRAL,ARMAZON TR90 PREMIUM,,26741,22100,
PSOL,PATAGONIA,SOL,,2178,1800,
SERVICIOS,VARIOS,SERVICIOS,,30000,24793,
